# T3 paper diagnostic metrics — all per-run scalars from summary_T*.csv (read, not recomputed)
# Source: webwalkerqa/run/run_main_table.py compute_qpd / compute_itc / compute_atc
# QPD = Query Pairwise Diversity: mean Jaccard distance over all pairs of turn-1 queries across the k threads (per question, then averaged over questions)
# ITC = Inter-Turn Coherence: per thread, mean Jaccard similarity of turn-1 query vs each later turn's query; averaged over threads then questions
# ATC = Across-Thread Coherence (despite the name, this is a DISTANCE): per turn, mean pairwise Jaccard distance between threads' queries; averaged across turns and questions
# Sequential (k=1) writes 0.0 for all three metrics by construction (no pair to compare).
model,dataset,condition,k,seed,num_questions,QPD,ITC,ATC,source_dir
gemma3-12b,2wikimultihopqa,diversity_parallel,4,1,512,0.8848472578124998,0.0,0.8848472578124998,main_table_clueweb_t8/gemma3-12b/2wikimultihopqa/div_k4/run_1
gemma3-12b,2wikimultihopqa,diversity_parallel,4,2,512,0.8823183652343745,0.0,0.8823183652343745,main_table_clueweb_t8/gemma3-12b/2wikimultihopqa/div_k4/run_2
gemma3-12b,2wikimultihopqa,diversity_parallel,4,3,512,0.8827764238281249,0.00203062890625,0.8827764238281249,main_table_clueweb_t8/gemma3-12b/2wikimultihopqa/div_k4/run_3
gemma3-12b,2wikimultihopqa,diversity_parallel,8,1,512,0.823809837890626,0.02507921484375,0.8237045175781259,main_table_clueweb_t8/gemma3-12b/2wikimultihopqa/div_k8/run_1
gemma3-12b,2wikimultihopqa,diversity_parallel,8,2,512,0.829006642578126,0.0275092226562499,0.828933308593751,main_table_clueweb_t8/gemma3-12b/2wikimultihopqa/div_k8/run_2
gemma3-12b,2wikimultihopqa,diversity_parallel,8,3,512,0.8259249414062498,0.0275863359374999,0.8258403476562497,main_table_clueweb_t8/gemma3-12b/2wikimultihopqa/div_k8/run_3
gemma3-12b,2wikimultihopqa,naive_parallel,4,1,512,0.1367785546875,0.0,0.1367785546875,main_table_clueweb_t8/gemma3-12b/2wikimultihopqa/naive_k4/run_1
gemma3-12b,2wikimultihopqa,naive_parallel,4,2,512,0.1400195839843749,0.001220703125,0.1400195839843749,main_table_clueweb_t8/gemma3-12b/2wikimultihopqa/naive_k4/run_2
gemma3-12b,2wikimultihopqa,naive_parallel,4,3,512,0.132198640625,0.00133167578125,0.132198640625,main_table_clueweb_t8/gemma3-12b/2wikimultihopqa/naive_k4/run_3
gemma3-12b,2wikimultihopqa,naive_parallel,8,1,512,0.18840037890625,0.0720473808593749,0.188672419921875,main_table_clueweb_t8/gemma3-12b/2wikimultihopqa/naive_k8/run_1
gemma3-12b,2wikimultihopqa,naive_parallel,8,2,512,0.1912207089843751,0.04950893359375,0.1917151660156251,main_table_clueweb_t8/gemma3-12b/2wikimultihopqa/naive_k8/run_2
gemma3-12b,2wikimultihopqa,naive_parallel,8,3,512,0.1809399765625001,0.04165534375,0.1813457578125001,main_table_clueweb_t8/gemma3-12b/2wikimultihopqa/naive_k8/run_3
gemma3-12b,2wikimultihopqa,sequential,1,1,512,0.0,0.0,0.0,main_table_clueweb_t8/gemma3-12b/2wikimultihopqa/seq/run_1
gemma3-12b,2wikimultihopqa,sequential,1,2,512,0.0,0.0,0.0,main_table_clueweb_t8/gemma3-12b/2wikimultihopqa/seq/run_2
gemma3-12b,2wikimultihopqa,sequential,1,3,512,0.0,0.0,0.0,main_table_clueweb_t8/gemma3-12b/2wikimultihopqa/seq/run_3
gemma3-12b,GAIA,diversity_parallel,4,1,103,0.8324076310679617,0.2760633689320387,0.6695624466019414,main_table_clueweb_t8/gemma3-12b/GAIA/div_k4/run_1
gemma3-12b,GAIA,diversity_parallel,4,2,103,0.8276119417475731,0.2855285339805825,0.6583060776699028,main_table_clueweb_t8/gemma3-12b/GAIA/div_k4/run_2
gemma3-12b,GAIA,diversity_parallel,4,3,103,0.8372163203883495,0.2736886893203883,0.6754198349514561,main_table_clueweb_t8/gemma3-12b/GAIA/div_k4/run_3
gemma3-12b,GAIA,diversity_parallel,8,1,103,0.7962108252427189,0.2722220582524272,0.6546178349514564,main_table_clueweb_t8/gemma3-12b/GAIA/div_k8/run_1
gemma3-12b,GAIA,diversity_parallel,8,2,103,0.7791804951456315,0.2843456019417476,0.6438607281553398,main_table_clueweb_t8/gemma3-12b/GAIA/div_k8/run_2
gemma3-12b,GAIA,diversity_parallel,8,3,103,0.7871456796116503,0.2809489611650484,0.6489625339805822,main_table_clueweb_t8/gemma3-12b/GAIA/div_k8/run_3
gemma3-12b,GAIA,naive_parallel,4,1,103,0.2364559223300971,0.389101,0.4325109708737864,main_table_clueweb_t8/gemma3-12b/GAIA/naive_k4/run_1
gemma3-12b,GAIA,naive_parallel,4,2,103,0.2390229611650486,0.388515281553398,0.4234109514563107,main_table_clueweb_t8/gemma3-12b/GAIA/naive_k4/run_2
gemma3-12b,GAIA,naive_parallel,4,3,103,0.2525254174757281,0.3793099029126213,0.4405521165048543,main_table_clueweb_t8/gemma3-12b/GAIA/naive_k4/run_3
gemma3-12b,GAIA,naive_parallel,8,1,103,0.2261745145631068,0.3806440194174758,0.4291287184466018,main_table_clueweb_t8/gemma3-12b/GAIA/naive_k8/run_1
gemma3-12b,GAIA,naive_parallel,8,2,103,0.2458792524271844,0.3885312330097087,0.4294956213592234,main_table_clueweb_t8/gemma3-12b/GAIA/naive_k8/run_2
gemma3-12b,GAIA,naive_parallel,8,3,103,0.2557214563106796,0.3769438737864078,0.4444438155339807,main_table_clueweb_t8/gemma3-12b/GAIA/naive_k8/run_3
gemma3-12b,GAIA,sequential,1,1,103,0.0,0.0,0.0,main_table_clueweb_t8/gemma3-12b/GAIA/seq/run_1
gemma3-12b,GAIA,sequential,1,2,103,0.0,0.0,0.0,main_table_clueweb_t8/gemma3-12b/GAIA/seq/run_2
gemma3-12b,GAIA,sequential,1,3,103,0.0,0.0,0.0,main_table_clueweb_t8/gemma3-12b/GAIA/seq/run_3
gemma3-12b,bamboogle,diversity_parallel,4,1,125,0.926602944,0.154551864,0.7889559199999997,main_table_clueweb_t8/gemma3-12b/bamboogle/div_k4/run_1
gemma3-12b,bamboogle,diversity_parallel,4,2,125,0.929282696,0.1502139039999999,0.7881511519999996,main_table_clueweb_t8/gemma3-12b/bamboogle/div_k4/run_2
gemma3-12b,bamboogle,diversity_parallel,4,3,125,0.927066856,0.157691888,0.78791656,main_table_clueweb_t8/gemma3-12b/bamboogle/div_k4/run_3
gemma3-12b,bamboogle,diversity_parallel,8,1,125,0.8789283280000002,0.1678326,0.7588303279999999,main_table_clueweb_t8/gemma3-12b/bamboogle/div_k8/run_1
gemma3-12b,bamboogle,diversity_parallel,8,2,125,0.8842366559999998,0.165850744,0.7585347519999998,main_table_clueweb_t8/gemma3-12b/bamboogle/div_k8/run_2
gemma3-12b,bamboogle,diversity_parallel,8,3,125,0.8884896399999997,0.163846608,0.7675919360000001,main_table_clueweb_t8/gemma3-12b/bamboogle/div_k8/run_3
gemma3-12b,bamboogle,naive_parallel,4,1,125,0.185162272,0.2226816079999999,0.2853227999999999,main_table_clueweb_t8/gemma3-12b/bamboogle/naive_k4/run_1
gemma3-12b,bamboogle,naive_parallel,4,2,125,0.184846592,0.2172652879999999,0.2887418559999998,main_table_clueweb_t8/gemma3-12b/bamboogle/naive_k4/run_2
gemma3-12b,bamboogle,naive_parallel,4,3,125,0.166639808,0.2271114719999999,0.2913047439999998,main_table_clueweb_t8/gemma3-12b/bamboogle/naive_k4/run_3
gemma3-12b,bamboogle,naive_parallel,8,1,125,0.1787431199999999,0.226835344,0.286279792,main_table_clueweb_t8/gemma3-12b/bamboogle/naive_k8/run_1
gemma3-12b,bamboogle,naive_parallel,8,2,125,0.1825784879999999,0.2183626719999999,0.292309168,main_table_clueweb_t8/gemma3-12b/bamboogle/naive_k8/run_2
gemma3-12b,bamboogle,naive_parallel,8,3,125,0.1883406559999999,0.223245568,0.3037484239999999,main_table_clueweb_t8/gemma3-12b/bamboogle/naive_k8/run_3
gemma3-12b,bamboogle,sequential,1,1,125,0.0,0.0,0.0,main_table_clueweb_t8/gemma3-12b/bamboogle/seq/run_1
gemma3-12b,bamboogle,sequential,1,2,125,0.0,0.0,0.0,main_table_clueweb_t8/gemma3-12b/bamboogle/seq/run_2
gemma3-12b,bamboogle,sequential,1,3,125,0.0,0.0,0.0,main_table_clueweb_t8/gemma3-12b/bamboogle/seq/run_3
gemma3-12b,frames,diversity_parallel,4,1,824,0.8994548980582528,0.1709305424757282,0.756207655339806,main_table_clueweb_t8/gemma3-12b/frames/div_k4/run_1
gemma3-12b,frames,diversity_parallel,4,2,824,0.8998664223300971,0.1712902111650485,0.7537554162621358,main_table_clueweb_t8/gemma3-12b/frames/div_k4/run_2
gemma3-12b,frames,diversity_parallel,4,3,824,0.8997562196601957,0.1684026626213594,0.7556424259708735,main_table_clueweb_t8/gemma3-12b/frames/div_k4/run_3
gemma3-12b,frames,diversity_parallel,8,1,824,0.8538803446601946,0.1762181881067964,0.7358105169902914,main_table_clueweb_t8/gemma3-12b/frames/div_k8/run_1
gemma3-12b,frames,diversity_parallel,8,2,824,0.8516479429611651,0.1767557815533979,0.732892932038835,main_table_clueweb_t8/gemma3-12b/frames/div_k8/run_2
gemma3-12b,frames,diversity_parallel,8,3,824,0.849987245145631,0.1776031771844663,0.733153805825243,main_table_clueweb_t8/gemma3-12b/frames/div_k8/run_3
gemma3-12b,frames,naive_parallel,4,1,824,0.1903925837378641,0.2161365910194177,0.3865451577669901,main_table_clueweb_t8/gemma3-12b/frames/naive_k4/run_1
gemma3-12b,frames,naive_parallel,4,2,824,0.1837200861650484,0.215258150485437,0.379117166262136,main_table_clueweb_t8/gemma3-12b/frames/naive_k4/run_2
gemma3-12b,frames,naive_parallel,4,3,824,0.1855992354368929,0.2120538422330097,0.379270598300971,main_table_clueweb_t8/gemma3-12b/frames/naive_k4/run_3
gemma3-12b,frames,naive_parallel,8,1,824,0.189089327669903,0.216174462378641,0.3856914514563108,main_table_clueweb_t8/gemma3-12b/frames/naive_k8/run_1
gemma3-12b,frames,naive_parallel,8,2,824,0.1844927499999997,0.2143476140776699,0.3822726152912623,main_table_clueweb_t8/gemma3-12b/frames/naive_k8/run_2
gemma3-12b,frames,naive_parallel,8,3,824,0.1831123349514561,0.2080888919902912,0.3831662754854368,main_table_clueweb_t8/gemma3-12b/frames/naive_k8/run_3
gemma3-12b,frames,sequential,1,1,824,0.0,0.0,0.0,main_table_clueweb_t8/gemma3-12b/frames/seq/run_1
gemma3-12b,frames,sequential,1,2,824,0.0,0.0,0.0,main_table_clueweb_t8/gemma3-12b/frames/seq/run_2
gemma3-12b,frames,sequential,1,3,824,0.0,0.0,0.0,main_table_clueweb_t8/gemma3-12b/frames/seq/run_3
gemma3-12b,hle,diversity_parallel,4,1,500,0.9011495959999998,0.2413363579999997,0.723088892000001,main_table_clueweb_t8/gemma3-12b/hle/div_k4/run_1
gemma3-12b,hle,diversity_parallel,4,2,500,0.9013864360000003,0.2373770519999999,0.7298426100000003,main_table_clueweb_t8/gemma3-12b/hle/div_k4/run_2
gemma3-12b,hle,diversity_parallel,4,3,500,0.9027303519999988,0.238518934,0.7280082640000004,main_table_clueweb_t8/gemma3-12b/hle/div_k4/run_3
gemma3-12b,hle,diversity_parallel,8,1,500,0.8603175459999997,0.2429598560000002,0.702180478,main_table_clueweb_t8/gemma3-12b/hle/div_k8/run_1
gemma3-12b,hle,diversity_parallel,8,2,500,0.8614359939999998,0.2409438819999999,0.7032170539999998,main_table_clueweb_t8/gemma3-12b/hle/div_k8/run_2
gemma3-12b,hle,diversity_parallel,8,3,500,0.8611706279999994,0.242063078,0.7036612559999998,main_table_clueweb_t8/gemma3-12b/hle/div_k8/run_3
gemma3-12b,hle,naive_parallel,4,1,500,0.3516917579999999,0.4114881080000003,0.480431112,main_table_clueweb_t8/gemma3-12b/hle/naive_k4/run_1
gemma3-12b,hle,naive_parallel,4,2,500,0.3543518280000002,0.4078180739999995,0.4802438379999996,main_table_clueweb_t8/gemma3-12b/hle/naive_k4/run_2
gemma3-12b,hle,naive_parallel,4,3,500,0.3481690520000003,0.417638986,0.4748514999999996,main_table_clueweb_t8/gemma3-12b/hle/naive_k4/run_3
gemma3-12b,hle,naive_parallel,8,1,500,0.3631118239999998,0.4148460079999997,0.4899004019999994,main_table_clueweb_t8/gemma3-12b/hle/naive_k8/run_1
gemma3-12b,hle,naive_parallel,8,2,500,0.3561666560000001,0.414368448,0.4877732400000001,main_table_clueweb_t8/gemma3-12b/hle/naive_k8/run_2
gemma3-12b,hle,naive_parallel,8,3,500,0.3536883239999996,0.4189955759999999,0.4793614379999998,main_table_clueweb_t8/gemma3-12b/hle/naive_k8/run_3
gemma3-12b,hle,sequential,1,1,500,0.0,0.0,0.0,main_table_clueweb_t8/gemma3-12b/hle/seq/run_1
gemma3-12b,hle,sequential,1,2,500,0.0,0.0,0.0,main_table_clueweb_t8/gemma3-12b/hle/seq/run_2
gemma3-12b,hle,sequential,1,3,500,0.0,0.0,0.0,main_table_clueweb_t8/gemma3-12b/hle/seq/run_3
gemma3-12b,hotpotqa,diversity_parallel,4,1,512,0.8785625253906244,0.000651041015625,0.8785625253906244,main_table_clueweb_t8/gemma3-12b/hotpotqa/div_k4/run_1
gemma3-12b,hotpotqa,diversity_parallel,4,2,512,0.8751661484374991,0.0,0.8751661484374991,main_table_clueweb_t8/gemma3-12b/hotpotqa/div_k4/run_2
gemma3-12b,hotpotqa,diversity_parallel,4,3,512,0.8768195312499988,0.0,0.8768195312499988,main_table_clueweb_t8/gemma3-12b/hotpotqa/div_k4/run_3
gemma3-12b,hotpotqa,diversity_parallel,8,1,512,0.8278615429687508,0.0225503242187499,0.8277144589843757,main_table_clueweb_t8/gemma3-12b/hotpotqa/div_k8/run_1
gemma3-12b,hotpotqa,diversity_parallel,8,2,512,0.8300445976562504,0.031767005859375,0.8299315625000004,main_table_clueweb_t8/gemma3-12b/hotpotqa/div_k8/run_2
gemma3-12b,hotpotqa,diversity_parallel,8,3,512,0.8280900898437507,0.0194051953125,0.8278279023437506,main_table_clueweb_t8/gemma3-12b/hotpotqa/div_k8/run_3
gemma3-12b,hotpotqa,naive_parallel,4,1,512,0.06968040234375,0.0,0.06968040234375,main_table_clueweb_t8/gemma3-12b/hotpotqa/naive_k4/run_1
gemma3-12b,hotpotqa,naive_parallel,4,2,512,0.0539784277343749,0.0,0.0539784277343749,main_table_clueweb_t8/gemma3-12b/hotpotqa/naive_k4/run_2
gemma3-12b,hotpotqa,naive_parallel,4,3,512,0.072318099609375,0.001953125,0.072318099609375,main_table_clueweb_t8/gemma3-12b/hotpotqa/naive_k4/run_3
gemma3-12b,hotpotqa,naive_parallel,8,1,512,0.1324916542968748,0.017142251953125,0.1326629980468749,main_table_clueweb_t8/gemma3-12b/hotpotqa/naive_k8/run_1
gemma3-12b,hotpotqa,naive_parallel,8,2,512,0.129374376953125,0.017556015625,0.129612591796875,main_table_clueweb_t8/gemma3-12b/hotpotqa/naive_k8/run_2
gemma3-12b,hotpotqa,naive_parallel,8,3,512,0.120988755859375,0.015360119140625,0.1214856484375,main_table_clueweb_t8/gemma3-12b/hotpotqa/naive_k8/run_3
gemma3-12b,hotpotqa,sequential,1,1,512,0.0,0.0,0.0,main_table_clueweb_t8/gemma3-12b/hotpotqa/seq/run_1
gemma3-12b,hotpotqa,sequential,1,2,512,0.0,0.0,0.0,main_table_clueweb_t8/gemma3-12b/hotpotqa/seq/run_2
gemma3-12b,hotpotqa,sequential,1,3,512,0.0,0.0,0.0,main_table_clueweb_t8/gemma3-12b/hotpotqa/seq/run_3
gemma3-12b,musique,diversity_parallel,4,1,512,0.8938547519531244,0.151362572265625,0.804134689453124,main_table_clueweb_t8/gemma3-12b/musique/div_k4/run_1
gemma3-12b,musique,diversity_parallel,4,2,512,0.8929100488281244,0.1486667304687497,0.8008585820312503,main_table_clueweb_t8/gemma3-12b/musique/div_k4/run_2
gemma3-12b,musique,diversity_parallel,4,3,512,0.8934076894531242,0.1488855156249999,0.7994102207031246,main_table_clueweb_t8/gemma3-12b/musique/div_k4/run_3
gemma3-12b,musique,diversity_parallel,8,1,512,0.8496070566406249,0.154108654296875,0.7784859570312492,main_table_clueweb_t8/gemma3-12b/musique/div_k8/run_1
gemma3-12b,musique,diversity_parallel,8,2,512,0.8483413378906243,0.1530766035156252,0.781034568359375,main_table_clueweb_t8/gemma3-12b/musique/div_k8/run_2
gemma3-12b,musique,diversity_parallel,8,3,512,0.8500903574218753,0.1493046093750001,0.7774422402343751,main_table_clueweb_t8/gemma3-12b/musique/div_k8/run_3
gemma3-12b,musique,naive_parallel,4,1,512,0.222835314453125,0.1740860878906249,0.4221151210937501,main_table_clueweb_t8/gemma3-12b/musique/naive_k4/run_1
gemma3-12b,musique,naive_parallel,4,2,512,0.22497986328125,0.1710740371093749,0.4297715312500005,main_table_clueweb_t8/gemma3-12b/musique/naive_k4/run_2
gemma3-12b,musique,naive_parallel,4,3,512,0.2198552734375002,0.169778134765625,0.4167763105468749,main_table_clueweb_t8/gemma3-12b/musique/naive_k4/run_3
gemma3-12b,musique,naive_parallel,8,1,512,0.2218494042968749,0.174464564453125,0.4262305234375,main_table_clueweb_t8/gemma3-12b/musique/naive_k8/run_1
gemma3-12b,musique,naive_parallel,8,2,512,0.2180345546875,0.1726212187499998,0.4259399023437495,main_table_clueweb_t8/gemma3-12b/musique/naive_k8/run_2
gemma3-12b,musique,naive_parallel,8,3,512,0.2249310039062501,0.1722605761718751,0.4273558144531251,main_table_clueweb_t8/gemma3-12b/musique/naive_k8/run_3
gemma3-12b,musique,sequential,1,1,512,0.0,0.0,0.0,main_table_clueweb_t8/gemma3-12b/musique/seq/run_1
gemma3-12b,musique,sequential,1,2,512,0.0,0.0,0.0,main_table_clueweb_t8/gemma3-12b/musique/seq/run_2
gemma3-12b,musique,sequential,1,3,512,0.0,0.0,0.0,main_table_clueweb_t8/gemma3-12b/musique/seq/run_3
gemma3-4b,2wikimultihopqa,diversity_parallel,4,1,512,0.9114873906249998,0.001743451171875,0.9114873906249998,main_table_clueweb_t8/gemma3-4b/2wikimultihopqa/div_k4/run_1
gemma3-4b,2wikimultihopqa,diversity_parallel,4,2,512,0.9106962285156244,0.0,0.9106962285156244,main_table_clueweb_t8/gemma3-4b/2wikimultihopqa/div_k4/run_2
gemma3-4b,2wikimultihopqa,diversity_parallel,4,3,512,0.9089140898437504,0.006615046875,0.9089140898437504,main_table_clueweb_t8/gemma3-4b/2wikimultihopqa/div_k4/run_3
gemma3-4b,2wikimultihopqa,diversity_parallel,8,1,512,0.8604303183593751,0.024266556640625,0.8604303183593751,main_table_clueweb_t8/gemma3-4b/2wikimultihopqa/div_k8/run_1
gemma3-4b,2wikimultihopqa,diversity_parallel,8,2,512,0.8630029707031247,0.018755607421875,0.8630029707031247,main_table_clueweb_t8/gemma3-4b/2wikimultihopqa/div_k8/run_2
gemma3-4b,2wikimultihopqa,diversity_parallel,8,3,512,0.862539453125,0.0241537734374999,0.862539453125,main_table_clueweb_t8/gemma3-4b/2wikimultihopqa/div_k8/run_3
gemma3-4b,2wikimultihopqa,naive_parallel,4,1,512,0.0,0.0,0.0,main_table_clueweb_t8/gemma3-4b/2wikimultihopqa/naive_k4/run_1
gemma3-4b,2wikimultihopqa,naive_parallel,4,2,512,0.0,0.0,0.0,main_table_clueweb_t8/gemma3-4b/2wikimultihopqa/naive_k4/run_2
gemma3-4b,2wikimultihopqa,naive_parallel,4,3,512,0.0,0.0,0.0,main_table_clueweb_t8/gemma3-4b/2wikimultihopqa/naive_k4/run_3
gemma3-4b,2wikimultihopqa,naive_parallel,8,1,512,0.0,0.0,0.0,main_table_clueweb_t8/gemma3-4b/2wikimultihopqa/naive_k8/run_1
gemma3-4b,2wikimultihopqa,naive_parallel,8,2,512,0.0,0.0,0.0,main_table_clueweb_t8/gemma3-4b/2wikimultihopqa/naive_k8/run_2
gemma3-4b,2wikimultihopqa,naive_parallel,8,3,512,0.0,0.0,0.0,main_table_clueweb_t8/gemma3-4b/2wikimultihopqa/naive_k8/run_3
gemma3-4b,2wikimultihopqa,sequential,1,1,512,0.0,0.0,0.0,main_table_clueweb_t8/gemma3-4b/2wikimultihopqa/seq/run_1
gemma3-4b,2wikimultihopqa,sequential,1,2,512,0.0,0.0,0.0,main_table_clueweb_t8/gemma3-4b/2wikimultihopqa/seq/run_2
gemma3-4b,2wikimultihopqa,sequential,1,3,512,0.0,0.0,0.0,main_table_clueweb_t8/gemma3-4b/2wikimultihopqa/seq/run_3
gemma3-4b,GAIA,diversity_parallel,4,1,103,0.8585816213592233,0.3804888155339807,0.7045484757281555,main_table_clueweb_t8/gemma3-4b/GAIA/div_k4/run_1
gemma3-4b,GAIA,diversity_parallel,4,2,103,0.8740781844660198,0.3629017961165048,0.7257221262135921,main_table_clueweb_t8/gemma3-4b/GAIA/div_k4/run_2
gemma3-4b,GAIA,diversity_parallel,4,3,103,0.8473156310679608,0.3772889611650487,0.6970608640776699,main_table_clueweb_t8/gemma3-4b/GAIA/div_k4/run_3
gemma3-4b,GAIA,diversity_parallel,8,1,103,0.8089287378640778,0.3851216699029127,0.6833920873786408,main_table_clueweb_t8/gemma3-4b/GAIA/div_k8/run_1
gemma3-4b,GAIA,diversity_parallel,8,2,103,0.8091827475728157,0.3723338737864077,0.6815597184466021,main_table_clueweb_t8/gemma3-4b/GAIA/div_k8/run_2
gemma3-4b,GAIA,diversity_parallel,8,3,103,0.8010622233009709,0.3842444854368932,0.6707179126213594,main_table_clueweb_t8/gemma3-4b/GAIA/div_k8/run_3
gemma3-4b,GAIA,naive_parallel,4,1,103,0.2133965436893204,0.6325360679611651,0.3593834660194174,main_table_clueweb_t8/gemma3-4b/GAIA/naive_k4/run_1
gemma3-4b,GAIA,naive_parallel,4,2,103,0.2376537281553397,0.6124581941747572,0.3903803398058253,main_table_clueweb_t8/gemma3-4b/GAIA/naive_k4/run_2
gemma3-4b,GAIA,naive_parallel,4,3,103,0.2254313786407767,0.6413350485436893,0.3658082524271844,main_table_clueweb_t8/gemma3-4b/GAIA/naive_k4/run_3
gemma3-4b,GAIA,naive_parallel,8,1,103,0.2327318155339805,0.6431038737864079,0.3715915339805823,main_table_clueweb_t8/gemma3-4b/GAIA/naive_k8/run_1
gemma3-4b,GAIA,naive_parallel,8,2,103,0.2448875048543689,0.6293664077669902,0.3831046699029127,main_table_clueweb_t8/gemma3-4b/GAIA/naive_k8/run_2
gemma3-4b,GAIA,naive_parallel,8,3,103,0.2290130388349514,0.6209168058252431,0.3823238155339805,main_table_clueweb_t8/gemma3-4b/GAIA/naive_k8/run_3
gemma3-4b,GAIA,sequential,1,1,103,0.0,0.0,0.0,main_table_clueweb_t8/gemma3-4b/GAIA/seq/run_1
gemma3-4b,GAIA,sequential,1,2,103,0.0,0.0,0.0,main_table_clueweb_t8/gemma3-4b/GAIA/seq/run_2
gemma3-4b,GAIA,sequential,1,3,103,0.0,0.0,0.0,main_table_clueweb_t8/gemma3-4b/GAIA/seq/run_3
gemma3-4b,bamboogle,diversity_parallel,4,1,125,0.9421501679999996,0.2278491039999999,0.8394520960000004,main_table_clueweb_t8/gemma3-4b/bamboogle/div_k4/run_1
gemma3-4b,bamboogle,diversity_parallel,4,2,125,0.9415034480000002,0.229457864,0.8138095599999998,main_table_clueweb_t8/gemma3-4b/bamboogle/div_k4/run_2
gemma3-4b,bamboogle,diversity_parallel,4,3,125,0.9405224960000002,0.208107688,0.8407130239999998,main_table_clueweb_t8/gemma3-4b/bamboogle/div_k4/run_3
gemma3-4b,bamboogle,diversity_parallel,8,1,125,0.9038853520000004,0.212432504,0.8155333359999999,main_table_clueweb_t8/gemma3-4b/bamboogle/div_k8/run_1
gemma3-4b,bamboogle,diversity_parallel,8,2,125,0.9133961920000004,0.2117585440000001,0.8106772959999999,main_table_clueweb_t8/gemma3-4b/bamboogle/div_k8/run_2
gemma3-4b,bamboogle,diversity_parallel,8,3,125,0.8991238719999999,0.2210735359999999,0.8027239760000001,main_table_clueweb_t8/gemma3-4b/bamboogle/div_k8/run_3
gemma3-4b,bamboogle,naive_parallel,4,1,125,0.180779112,0.359791328,0.3382795280000001,main_table_clueweb_t8/gemma3-4b/bamboogle/naive_k4/run_1
gemma3-4b,bamboogle,naive_parallel,4,2,125,0.194565568,0.3247219200000001,0.3575006800000001,main_table_clueweb_t8/gemma3-4b/bamboogle/naive_k4/run_2
gemma3-4b,bamboogle,naive_parallel,4,3,125,0.147847104,0.329277856,0.3110377360000001,main_table_clueweb_t8/gemma3-4b/bamboogle/naive_k4/run_3
gemma3-4b,bamboogle,naive_parallel,8,1,125,0.176128184,0.3678806400000001,0.39018164,main_table_clueweb_t8/gemma3-4b/bamboogle/naive_k8/run_1
gemma3-4b,bamboogle,naive_parallel,8,2,125,0.177994136,0.3740927040000001,0.3860330720000003,main_table_clueweb_t8/gemma3-4b/bamboogle/naive_k8/run_2
gemma3-4b,bamboogle,naive_parallel,8,3,125,0.168516496,0.3692686639999999,0.327264376,main_table_clueweb_t8/gemma3-4b/bamboogle/naive_k8/run_3
gemma3-4b,bamboogle,sequential,1,1,125,0.0,0.0,0.0,main_table_clueweb_t8/gemma3-4b/bamboogle/seq/run_1
gemma3-4b,bamboogle,sequential,1,2,125,0.0,0.0,0.0,main_table_clueweb_t8/gemma3-4b/bamboogle/seq/run_2
gemma3-4b,bamboogle,sequential,1,3,125,0.0,0.0,0.0,main_table_clueweb_t8/gemma3-4b/bamboogle/seq/run_3
gemma3-4b,frames,diversity_parallel,4,1,824,0.9259576844660198,0.240446691747573,0.784027929611651,main_table_clueweb_t8/gemma3-4b/frames/div_k4/run_1
gemma3-4b,frames,diversity_parallel,4,2,824,0.9247952779126216,0.2439632184466022,0.7771403883495145,main_table_clueweb_t8/gemma3-4b/frames/div_k4/run_2
gemma3-4b,frames,diversity_parallel,4,3,824,0.926451542475728,0.2414183810679613,0.7795826165048544,main_table_clueweb_t8/gemma3-4b/frames/div_k4/run_3
gemma3-4b,frames,diversity_parallel,8,1,824,0.8838070485436891,0.2428175873786408,0.7585268361650486,main_table_clueweb_t8/gemma3-4b/frames/div_k8/run_1
gemma3-4b,frames,diversity_parallel,8,2,824,0.883310165048543,0.2463058349514563,0.7586267063106811,main_table_clueweb_t8/gemma3-4b/frames/div_k8/run_2
gemma3-4b,frames,diversity_parallel,8,3,824,0.8846144053398063,0.2455136262135921,0.7621363446601938,main_table_clueweb_t8/gemma3-4b/frames/div_k8/run_3
gemma3-4b,frames,naive_parallel,4,1,824,0.2429345618932038,0.4331899854368936,0.4261855194174759,main_table_clueweb_t8/gemma3-4b/frames/naive_k4/run_1
gemma3-4b,frames,naive_parallel,4,2,824,0.2481856480582519,0.4378323470873786,0.4330014502427185,main_table_clueweb_t8/gemma3-4b/frames/naive_k4/run_2
gemma3-4b,frames,naive_parallel,4,3,824,0.2433665230582522,0.4341512682038838,0.4255801177184466,main_table_clueweb_t8/gemma3-4b/frames/naive_k4/run_3
gemma3-4b,frames,naive_parallel,8,1,824,0.2459649126213591,0.4393063349514563,0.436645055825243,main_table_clueweb_t8/gemma3-4b/frames/naive_k8/run_1
gemma3-4b,frames,naive_parallel,8,2,824,0.2457076541262134,0.442181169902912,0.4331997645631064,main_table_clueweb_t8/gemma3-4b/frames/naive_k8/run_2
gemma3-4b,frames,naive_parallel,8,3,824,0.2442949830097087,0.4384407451456312,0.4288925242718448,main_table_clueweb_t8/gemma3-4b/frames/naive_k8/run_3
gemma3-4b,frames,sequential,1,1,824,0.0,0.0,0.0,main_table_clueweb_t8/gemma3-4b/frames/seq/run_1
gemma3-4b,frames,sequential,1,2,824,0.0,0.0,0.0,main_table_clueweb_t8/gemma3-4b/frames/seq/run_2
gemma3-4b,frames,sequential,1,3,824,0.0,0.0,0.0,main_table_clueweb_t8/gemma3-4b/frames/seq/run_3
gemma3-4b,hle,diversity_parallel,4,1,500,0.911263121999999,0.290943372,0.7773658880000002,main_table_clueweb_t8/gemma3-4b/hle/div_k4/run_1
gemma3-4b,hle,diversity_parallel,4,2,500,0.911416746,0.3061091600000001,0.7833842040000001,main_table_clueweb_t8/gemma3-4b/hle/div_k4/run_2
gemma3-4b,hle,diversity_parallel,4,3,500,0.909612716000001,0.3053032400000001,0.7788333540000003,main_table_clueweb_t8/gemma3-4b/hle/div_k4/run_3
gemma3-4b,hle,diversity_parallel,8,1,500,0.8716692179999997,0.3130528379999999,0.7552213819999998,main_table_clueweb_t8/gemma3-4b/hle/div_k8/run_1
gemma3-4b,hle,diversity_parallel,8,2,500,0.8669424420000003,0.3187881499999999,0.7472884380000004,main_table_clueweb_t8/gemma3-4b/hle/div_k8/run_2
gemma3-4b,hle,diversity_parallel,8,3,500,0.8706403239999989,0.3001241819999999,0.7538341500000004,main_table_clueweb_t8/gemma3-4b/hle/div_k8/run_3
gemma3-4b,hle,naive_parallel,4,1,500,0.3331155759999998,0.5246826500000001,0.4530601980000001,main_table_clueweb_t8/gemma3-4b/hle/naive_k4/run_1
gemma3-4b,hle,naive_parallel,4,2,500,0.3213177139999996,0.5137501319999997,0.4535192260000003,main_table_clueweb_t8/gemma3-4b/hle/naive_k4/run_2
gemma3-4b,hle,naive_parallel,4,3,500,0.3361161719999999,0.5216017519999998,0.4570765939999998,main_table_clueweb_t8/gemma3-4b/hle/naive_k4/run_3
gemma3-4b,hle,naive_parallel,8,1,500,0.3329825360000003,0.5348573760000002,0.4557739199999997,main_table_clueweb_t8/gemma3-4b/hle/naive_k8/run_1
gemma3-4b,hle,naive_parallel,8,2,500,0.3271971899999999,0.5323419720000001,0.4584167139999996,main_table_clueweb_t8/gemma3-4b/hle/naive_k8/run_2
gemma3-4b,hle,naive_parallel,8,3,500,0.3356351520000001,0.533873898,0.4572537660000002,main_table_clueweb_t8/gemma3-4b/hle/naive_k8/run_3
gemma3-4b,hle,sequential,1,1,500,0.0,0.0,0.0,main_table_clueweb_t8/gemma3-4b/hle/seq/run_1
gemma3-4b,hle,sequential,1,2,500,0.0,0.0,0.0,main_table_clueweb_t8/gemma3-4b/hle/seq/run_2
gemma3-4b,hle,sequential,1,3,500,0.0,0.0,0.0,main_table_clueweb_t8/gemma3-4b/hle/seq/run_3
gemma3-4b,hotpotqa,diversity_parallel,4,1,512,0.9171937246093752,0.007345146484375,0.9171937246093752,main_table_clueweb_t8/gemma3-4b/hotpotqa/div_k4/run_1
gemma3-4b,hotpotqa,diversity_parallel,4,2,512,0.919283328125,0.004590380859375,0.919283328125,main_table_clueweb_t8/gemma3-4b/hotpotqa/div_k4/run_2
gemma3-4b,hotpotqa,diversity_parallel,4,3,512,0.9195459355468752,0.003252109375,0.9195459355468752,main_table_clueweb_t8/gemma3-4b/hotpotqa/div_k4/run_3
gemma3-4b,hotpotqa,diversity_parallel,8,1,512,0.8715989843749996,0.019618107421875,0.8716010410156246,main_table_clueweb_t8/gemma3-4b/hotpotqa/div_k8/run_1
gemma3-4b,hotpotqa,diversity_parallel,8,2,512,0.8751380664062498,0.01895548828125,0.8751380664062498,main_table_clueweb_t8/gemma3-4b/hotpotqa/div_k8/run_2
gemma3-4b,hotpotqa,diversity_parallel,8,3,512,0.8743588750000008,0.0220966386718749,0.8742877265625008,main_table_clueweb_t8/gemma3-4b/hotpotqa/div_k8/run_3
gemma3-4b,hotpotqa,naive_parallel,4,1,512,0.0,0.000651041015625,0.0,main_table_clueweb_t8/gemma3-4b/hotpotqa/naive_k4/run_1
gemma3-4b,hotpotqa,naive_parallel,4,2,512,0.0,0.0,0.0,main_table_clueweb_t8/gemma3-4b/hotpotqa/naive_k4/run_2
gemma3-4b,hotpotqa,naive_parallel,4,3,512,0.0,0.0001953125,0.0,main_table_clueweb_t8/gemma3-4b/hotpotqa/naive_k4/run_3
gemma3-4b,hotpotqa,naive_parallel,8,1,512,0.001929875,0.0008680546875,0.001929875,main_table_clueweb_t8/gemma3-4b/hotpotqa/naive_k8/run_1
gemma3-4b,hotpotqa,naive_parallel,8,2,512,0.0,0.0,0.0,main_table_clueweb_t8/gemma3-4b/hotpotqa/naive_k8/run_2
gemma3-4b,hotpotqa,naive_parallel,8,3,512,0.002197265625,0.0,0.002197265625,main_table_clueweb_t8/gemma3-4b/hotpotqa/naive_k8/run_3
gemma3-4b,hotpotqa,sequential,1,1,512,0.0,0.0,0.0,main_table_clueweb_t8/gemma3-4b/hotpotqa/seq/run_1
gemma3-4b,hotpotqa,sequential,1,2,512,0.0,0.0,0.0,main_table_clueweb_t8/gemma3-4b/hotpotqa/seq/run_2
gemma3-4b,hotpotqa,sequential,1,3,512,0.0,0.0,0.0,main_table_clueweb_t8/gemma3-4b/hotpotqa/seq/run_3
gemma3-4b,musique,diversity_parallel,4,1,512,0.9247380605468756,0.2198053847656249,0.827008234374999,main_table_clueweb_t8/gemma3-4b/musique/div_k4/run_1
gemma3-4b,musique,diversity_parallel,4,2,512,0.9225080410156248,0.2160992890625,0.8227556367187504,main_table_clueweb_t8/gemma3-4b/musique/div_k4/run_2
gemma3-4b,musique,diversity_parallel,4,3,512,0.9232738906249992,0.221369775390625,0.8182006113281257,main_table_clueweb_t8/gemma3-4b/musique/div_k4/run_3
gemma3-4b,musique,diversity_parallel,8,1,512,0.8874232988281245,0.2236566191406249,0.8020607617187497,main_table_clueweb_t8/gemma3-4b/musique/div_k8/run_1
gemma3-4b,musique,diversity_parallel,8,2,512,0.883658673828125,0.2278545820312501,0.8010378457031256,main_table_clueweb_t8/gemma3-4b/musique/div_k8/run_2
gemma3-4b,musique,diversity_parallel,8,3,512,0.8865819238281247,0.2204671503906249,0.8005007148437495,main_table_clueweb_t8/gemma3-4b/musique/div_k8/run_3
gemma3-4b,musique,naive_parallel,4,1,512,0.228485296875,0.3633966679687502,0.4403039667968749,main_table_clueweb_t8/gemma3-4b/musique/naive_k4/run_1
gemma3-4b,musique,naive_parallel,4,2,512,0.2423573359374998,0.3609050703125001,0.4420688945312501,main_table_clueweb_t8/gemma3-4b/musique/naive_k4/run_2
gemma3-4b,musique,naive_parallel,4,3,512,0.2491476992187499,0.3631025683593749,0.4409256835937499,main_table_clueweb_t8/gemma3-4b/musique/naive_k4/run_3
gemma3-4b,musique,naive_parallel,8,1,512,0.248586109375,0.4355074218750003,0.503648720703125,main_table_clueweb_t8/gemma3-4b/musique/naive_k8/run_1
gemma3-4b,musique,naive_parallel,8,2,512,0.2476477988281249,0.4362637011718745,0.4975265722656246,main_table_clueweb_t8/gemma3-4b/musique/naive_k8/run_2
gemma3-4b,musique,naive_parallel,8,3,512,0.2502015546875,0.3694728125000001,0.4492389140625001,main_table_clueweb_t8/gemma3-4b/musique/naive_k8/run_3
gemma3-4b,musique,sequential,1,1,512,0.0,0.0,0.0,main_table_clueweb_t8/gemma3-4b/musique/seq/run_1
gemma3-4b,musique,sequential,1,2,512,0.0,0.0,0.0,main_table_clueweb_t8/gemma3-4b/musique/seq/run_2
gemma3-4b,musique,sequential,1,3,512,0.0,0.0,0.0,main_table_clueweb_t8/gemma3-4b/musique/seq/run_3
qwen3-1.7b,2wikimultihopqa,diversity_parallel,4,1,512,0.63820348828125,0.4160077656249998,0.621094380859375,main_table_clueweb_t8/qwen3-1.7b/2wikimultihopqa/div_k4/run_1
qwen3-1.7b,2wikimultihopqa,diversity_parallel,4,2,512,0.6358657695312493,0.4306479160156248,0.622305173828125,main_table_clueweb_t8/qwen3-1.7b/2wikimultihopqa/div_k4/run_2
qwen3-1.7b,2wikimultihopqa,diversity_parallel,4,3,512,0.6347683066406249,0.4154243710937499,0.6160009980468745,main_table_clueweb_t8/qwen3-1.7b/2wikimultihopqa/div_k4/run_3
qwen3-1.7b,2wikimultihopqa,diversity_parallel,8,1,512,0.57303840234375,0.5159814335937499,0.5601763984375002,main_table_clueweb_t8/qwen3-1.7b/2wikimultihopqa/div_k8/run_1
qwen3-1.7b,2wikimultihopqa,diversity_parallel,8,2,512,0.569768078125001,0.5119657148437501,0.5554419687500002,main_table_clueweb_t8/qwen3-1.7b/2wikimultihopqa/div_k8/run_2
qwen3-1.7b,2wikimultihopqa,diversity_parallel,8,3,512,0.5734790683593755,0.5349082246093756,0.5611552539062503,main_table_clueweb_t8/qwen3-1.7b/2wikimultihopqa/div_k8/run_3
qwen3-1.7b,2wikimultihopqa,naive_parallel,4,1,512,0.25721266796875,0.376448498046875,0.2572035312499999,main_table_clueweb_t8/qwen3-1.7b/2wikimultihopqa/naive_k4/run_1
qwen3-1.7b,2wikimultihopqa,naive_parallel,4,2,512,0.2707666874999999,0.377777912109375,0.2691882753906248,main_table_clueweb_t8/qwen3-1.7b/2wikimultihopqa/naive_k4/run_2
qwen3-1.7b,2wikimultihopqa,naive_parallel,4,3,512,0.2446386640624999,0.381211404296875,0.2467245722656249,main_table_clueweb_t8/qwen3-1.7b/2wikimultihopqa/naive_k4/run_3
qwen3-1.7b,2wikimultihopqa,naive_parallel,8,1,512,0.3580423281250002,0.510485294921875,0.3599804140624999,main_table_clueweb_t8/qwen3-1.7b/2wikimultihopqa/naive_k8/run_1
qwen3-1.7b,2wikimultihopqa,naive_parallel,8,2,512,0.3601805527343748,0.5235698339843752,0.3627140917968751,main_table_clueweb_t8/qwen3-1.7b/2wikimultihopqa/naive_k8/run_2
qwen3-1.7b,2wikimultihopqa,naive_parallel,8,3,512,0.3322013906249997,0.4955368984374997,0.3292676621093747,main_table_clueweb_t8/qwen3-1.7b/2wikimultihopqa/naive_k8/run_3
qwen3-1.7b,2wikimultihopqa,sequential,1,1,512,0.0,0.0,0.0,main_table_clueweb_t8/qwen3-1.7b/2wikimultihopqa/seq/run_1
qwen3-1.7b,2wikimultihopqa,sequential,1,2,512,0.0,0.0,0.0,main_table_clueweb_t8/qwen3-1.7b/2wikimultihopqa/seq/run_2
qwen3-1.7b,2wikimultihopqa,sequential,1,3,512,0.0,0.0,0.0,main_table_clueweb_t8/qwen3-1.7b/2wikimultihopqa/seq/run_3
qwen3-1.7b,GAIA,diversity_parallel,4,1,103,0.5311880970873786,0.6674260582524271,0.5105684271844659,main_table_clueweb_t8/qwen3-1.7b/GAIA/div_k4/run_1
qwen3-1.7b,GAIA,diversity_parallel,4,2,103,0.5290459902912622,0.6100780291262135,0.4984328932038834,main_table_clueweb_t8/qwen3-1.7b/GAIA/div_k4/run_2
qwen3-1.7b,GAIA,diversity_parallel,4,3,103,0.5451584077669903,0.6118450097087381,0.5112500194174758,main_table_clueweb_t8/qwen3-1.7b/GAIA/div_k4/run_3
qwen3-1.7b,GAIA,diversity_parallel,8,1,103,0.4901735631067959,0.6664240970873788,0.4661869417475727,main_table_clueweb_t8/qwen3-1.7b/GAIA/div_k8/run_1
qwen3-1.7b,GAIA,diversity_parallel,8,2,103,0.4916593203883495,0.6460096310679613,0.4715473398058252,main_table_clueweb_t8/qwen3-1.7b/GAIA/div_k8/run_2
qwen3-1.7b,GAIA,diversity_parallel,8,3,103,0.4861492524271845,0.6884632330097088,0.4683646116504854,main_table_clueweb_t8/qwen3-1.7b/GAIA/div_k8/run_3
qwen3-1.7b,GAIA,naive_parallel,4,1,103,0.2824788446601941,0.7225292135922332,0.2907838737864077,main_table_clueweb_t8/qwen3-1.7b/GAIA/naive_k4/run_1
qwen3-1.7b,GAIA,naive_parallel,4,2,103,0.2917150485436894,0.7514666893203882,0.2979850485436893,main_table_clueweb_t8/qwen3-1.7b/GAIA/naive_k4/run_2
qwen3-1.7b,GAIA,naive_parallel,4,3,103,0.2691060485436893,0.7559584854368931,0.2719782912621359,main_table_clueweb_t8/qwen3-1.7b/GAIA/naive_k4/run_3
qwen3-1.7b,GAIA,naive_parallel,8,1,103,0.2780028155339806,0.7620337669902914,0.2810073689320388,main_table_clueweb_t8/qwen3-1.7b/GAIA/naive_k8/run_1
qwen3-1.7b,GAIA,naive_parallel,8,2,103,0.2840817475728155,0.7964007087378641,0.2879202427184465,main_table_clueweb_t8/qwen3-1.7b/GAIA/naive_k8/run_2
qwen3-1.7b,GAIA,naive_parallel,8,3,103,0.2769078543689321,0.8009616796116504,0.2819077087378641,main_table_clueweb_t8/qwen3-1.7b/GAIA/naive_k8/run_3
qwen3-1.7b,GAIA,sequential,1,1,103,0.0,0.0,0.0,main_table_clueweb_t8/qwen3-1.7b/GAIA/seq/run_1
qwen3-1.7b,GAIA,sequential,1,2,103,0.0,0.0,0.0,main_table_clueweb_t8/qwen3-1.7b/GAIA/seq/run_2
qwen3-1.7b,GAIA,sequential,1,3,103,0.0,0.0,0.0,main_table_clueweb_t8/qwen3-1.7b/GAIA/seq/run_3
qwen3-1.7b,bamboogle,diversity_parallel,4,1,125,0.6191957200000002,0.497927848,0.53063824,main_table_clueweb_t8/qwen3-1.7b/bamboogle/div_k4/run_1
qwen3-1.7b,bamboogle,diversity_parallel,4,2,125,0.612494768,0.4589048239999999,0.5164714400000002,main_table_clueweb_t8/qwen3-1.7b/bamboogle/div_k4/run_2
qwen3-1.7b,bamboogle,diversity_parallel,4,3,125,0.6087781600000003,0.47481472,0.5294516319999998,main_table_clueweb_t8/qwen3-1.7b/bamboogle/div_k4/run_3
qwen3-1.7b,bamboogle,diversity_parallel,8,1,125,0.5586752079999998,0.514429512,0.4772862479999998,main_table_clueweb_t8/qwen3-1.7b/bamboogle/div_k8/run_1
qwen3-1.7b,bamboogle,diversity_parallel,8,2,125,0.54988672,0.5238960960000002,0.472662384,main_table_clueweb_t8/qwen3-1.7b/bamboogle/div_k8/run_2
qwen3-1.7b,bamboogle,diversity_parallel,8,3,125,0.5489970640000001,0.5074523040000001,0.4719265759999999,main_table_clueweb_t8/qwen3-1.7b/bamboogle/div_k8/run_3
qwen3-1.7b,bamboogle,naive_parallel,4,1,125,0.2057509999999999,0.7172746000000003,0.2119640639999999,main_table_clueweb_t8/qwen3-1.7b/bamboogle/naive_k4/run_1
qwen3-1.7b,bamboogle,naive_parallel,4,2,125,0.2066946719999999,0.7046194959999998,0.211377512,main_table_clueweb_t8/qwen3-1.7b/bamboogle/naive_k4/run_2
qwen3-1.7b,bamboogle,naive_parallel,4,3,125,0.189882432,0.7311703120000002,0.1954115439999999,main_table_clueweb_t8/qwen3-1.7b/bamboogle/naive_k4/run_3
qwen3-1.7b,bamboogle,naive_parallel,8,1,125,0.203438928,0.8152544800000002,0.20881732,main_table_clueweb_t8/qwen3-1.7b/bamboogle/naive_k8/run_1
qwen3-1.7b,bamboogle,naive_parallel,8,2,125,0.2030133999999999,0.7746742159999999,0.1970259199999999,main_table_clueweb_t8/qwen3-1.7b/bamboogle/naive_k8/run_2
qwen3-1.7b,bamboogle,naive_parallel,8,3,125,0.19673284,0.7763061039999999,0.1951576399999999,main_table_clueweb_t8/qwen3-1.7b/bamboogle/naive_k8/run_3
qwen3-1.7b,bamboogle,sequential,1,1,125,0.0,0.0,0.0,main_table_clueweb_t8/qwen3-1.7b/bamboogle/seq/run_1
qwen3-1.7b,bamboogle,sequential,1,2,125,0.0,0.0,0.0,main_table_clueweb_t8/qwen3-1.7b/bamboogle/seq/run_2
qwen3-1.7b,bamboogle,sequential,1,3,125,0.0,0.0,0.0,main_table_clueweb_t8/qwen3-1.7b/bamboogle/seq/run_3
qwen3-1.7b,frames,diversity_parallel,4,1,824,0.5345957524271846,0.541750080097087,0.5036444660194178,main_table_clueweb_t8/qwen3-1.7b/frames/div_k4/run_1
qwen3-1.7b,frames,diversity_parallel,4,2,824,0.5269463288834951,0.5318083750000002,0.4970121371359224,main_table_clueweb_t8/qwen3-1.7b/frames/div_k4/run_2
qwen3-1.7b,frames,diversity_parallel,4,3,824,0.5265415376213595,0.5404692803398061,0.4945373774271843,main_table_clueweb_t8/qwen3-1.7b/frames/div_k4/run_3
qwen3-1.7b,frames,diversity_parallel,8,1,824,0.4667410885922331,0.5776579174757284,0.4484901201456316,main_table_clueweb_t8/qwen3-1.7b/frames/div_k8/run_1
qwen3-1.7b,frames,diversity_parallel,8,2,824,0.465302728155339,0.5809145157766986,0.4460825157766985,main_table_clueweb_t8/qwen3-1.7b/frames/div_k8/run_2
qwen3-1.7b,frames,diversity_parallel,8,3,824,0.4610335679611643,0.5947947706310676,0.4415580570388345,main_table_clueweb_t8/qwen3-1.7b/frames/div_k8/run_3
qwen3-1.7b,frames,naive_parallel,4,1,824,0.2744910788834951,0.6697701067961164,0.2838133883495146,main_table_clueweb_t8/qwen3-1.7b/frames/naive_k4/run_1
qwen3-1.7b,frames,naive_parallel,4,2,824,0.2806238264563108,0.6744688713592227,0.2938895764563108,main_table_clueweb_t8/qwen3-1.7b/frames/naive_k4/run_2
qwen3-1.7b,frames,naive_parallel,4,3,824,0.2763143652912622,0.6707114696601943,0.2877027475728156,main_table_clueweb_t8/qwen3-1.7b/frames/naive_k4/run_3
qwen3-1.7b,frames,naive_parallel,8,1,824,0.2757845521844659,0.6992859781553392,0.2861715618932038,main_table_clueweb_t8/qwen3-1.7b/frames/naive_k8/run_1
qwen3-1.7b,frames,naive_parallel,8,2,824,0.2829985133495147,0.7151966516990291,0.2949335570388351,main_table_clueweb_t8/qwen3-1.7b/frames/naive_k8/run_2
qwen3-1.7b,frames,naive_parallel,8,3,824,0.2789411808252425,0.7174472427184462,0.2876427014563104,main_table_clueweb_t8/qwen3-1.7b/frames/naive_k8/run_3
qwen3-1.7b,frames,sequential,1,1,824,0.0,0.0,0.0,main_table_clueweb_t8/qwen3-1.7b/frames/seq/run_1
qwen3-1.7b,frames,sequential,1,2,824,0.0,0.0,0.0,main_table_clueweb_t8/qwen3-1.7b/frames/seq/run_2
qwen3-1.7b,frames,sequential,1,3,824,0.0,0.0,0.0,main_table_clueweb_t8/qwen3-1.7b/frames/seq/run_3
qwen3-1.7b,hle,diversity_parallel,4,1,500,0.6798045580000001,0.3560074480000001,0.6565538959999998,main_table_clueweb_t8/qwen3-1.7b/hle/div_k4/run_1
qwen3-1.7b,hle,diversity_parallel,4,2,500,0.6847585299999992,0.3628759419999999,0.6594320719999995,main_table_clueweb_t8/qwen3-1.7b/hle/div_k4/run_2
qwen3-1.7b,hle,diversity_parallel,4,3,500,0.6840017719999991,0.376059374,0.6596476879999993,main_table_clueweb_t8/qwen3-1.7b/hle/div_k4/run_3
qwen3-1.7b,hle,diversity_parallel,8,1,500,0.6369804919999998,0.4012137979999999,0.618015162,main_table_clueweb_t8/qwen3-1.7b/hle/div_k8/run_1
qwen3-1.7b,hle,diversity_parallel,8,2,500,0.6313996780000013,0.4189862339999999,0.6117916800000005,main_table_clueweb_t8/qwen3-1.7b/hle/div_k8/run_2
qwen3-1.7b,hle,diversity_parallel,8,3,500,0.6186376819999998,0.4301311119999997,0.5999005860000004,main_table_clueweb_t8/qwen3-1.7b/hle/div_k8/run_3
qwen3-1.7b,hle,naive_parallel,4,1,500,0.236963516,0.4451691619999999,0.2348107879999998,main_table_clueweb_t8/qwen3-1.7b/hle/naive_k4/run_1
qwen3-1.7b,hle,naive_parallel,4,2,500,0.235447022,0.4670191060000002,0.2348286659999999,main_table_clueweb_t8/qwen3-1.7b/hle/naive_k4/run_2
qwen3-1.7b,hle,naive_parallel,4,3,500,0.2390918019999999,0.4759263700000002,0.2390392639999999,main_table_clueweb_t8/qwen3-1.7b/hle/naive_k4/run_3
qwen3-1.7b,hle,naive_parallel,8,1,500,0.2770335419999999,0.5275061600000002,0.2758468440000002,main_table_clueweb_t8/qwen3-1.7b/hle/naive_k8/run_1
qwen3-1.7b,hle,naive_parallel,8,2,500,0.2766042179999998,0.5160037120000001,0.275340156,main_table_clueweb_t8/qwen3-1.7b/hle/naive_k8/run_2
qwen3-1.7b,hle,naive_parallel,8,3,500,0.2861507060000001,0.54327813,0.2857148360000002,main_table_clueweb_t8/qwen3-1.7b/hle/naive_k8/run_3
qwen3-1.7b,hle,sequential,1,1,500,0.0,0.0,0.0,main_table_clueweb_t8/qwen3-1.7b/hle/seq/run_1
qwen3-1.7b,hle,sequential,1,2,500,0.0,0.0,0.0,main_table_clueweb_t8/qwen3-1.7b/hle/seq/run_2
qwen3-1.7b,hle,sequential,1,3,500,0.0,0.0,0.0,main_table_clueweb_t8/qwen3-1.7b/hle/seq/run_3
qwen3-1.7b,hotpotqa,diversity_parallel,4,1,512,0.6172578320312503,0.4235890820312499,0.6134020527343755,main_table_clueweb_t8/qwen3-1.7b/hotpotqa/div_k4/run_1
qwen3-1.7b,hotpotqa,diversity_parallel,4,2,512,0.6111493261718746,0.4124423593749997,0.6029809042968749,main_table_clueweb_t8/qwen3-1.7b/hotpotqa/div_k4/run_2
qwen3-1.7b,hotpotqa,diversity_parallel,4,3,512,0.6147199609374998,0.4356145429687498,0.60777837109375,main_table_clueweb_t8/qwen3-1.7b/hotpotqa/div_k4/run_3
qwen3-1.7b,hotpotqa,diversity_parallel,8,1,512,0.5570231972656247,0.5276655605468749,0.5493644609374999,main_table_clueweb_t8/qwen3-1.7b/hotpotqa/div_k8/run_1
qwen3-1.7b,hotpotqa,diversity_parallel,8,2,512,0.5589063007812501,0.518122158203125,0.5526464355468751,main_table_clueweb_t8/qwen3-1.7b/hotpotqa/div_k8/run_2
qwen3-1.7b,hotpotqa,diversity_parallel,8,3,512,0.5553459726562497,0.5081439082031248,0.5472367109375004,main_table_clueweb_t8/qwen3-1.7b/hotpotqa/div_k8/run_3
qwen3-1.7b,hotpotqa,naive_parallel,4,1,512,0.29739250390625,0.34138952734375,0.29587145703125,main_table_clueweb_t8/qwen3-1.7b/hotpotqa/naive_k4/run_1
qwen3-1.7b,hotpotqa,naive_parallel,4,2,512,0.324057130859375,0.3579473945312501,0.323640607421875,main_table_clueweb_t8/qwen3-1.7b/hotpotqa/naive_k4/run_2
qwen3-1.7b,hotpotqa,naive_parallel,4,3,512,0.312617517578125,0.3547211875,0.3122628886718749,main_table_clueweb_t8/qwen3-1.7b/hotpotqa/naive_k4/run_3
qwen3-1.7b,hotpotqa,naive_parallel,8,1,512,0.4038559218749997,0.4990685410156251,0.4023176660156246,main_table_clueweb_t8/qwen3-1.7b/hotpotqa/naive_k8/run_1
qwen3-1.7b,hotpotqa,naive_parallel,8,2,512,0.4010669042968749,0.505666265625,0.3961247519531251,main_table_clueweb_t8/qwen3-1.7b/hotpotqa/naive_k8/run_2
qwen3-1.7b,hotpotqa,naive_parallel,8,3,512,0.4148269511718752,0.4712085253906251,0.4107381542968753,main_table_clueweb_t8/qwen3-1.7b/hotpotqa/naive_k8/run_3
qwen3-1.7b,hotpotqa,sequential,1,1,512,0.0,0.0,0.0,main_table_clueweb_t8/qwen3-1.7b/hotpotqa/seq/run_1
qwen3-1.7b,hotpotqa,sequential,1,2,512,0.0,0.0,0.0,main_table_clueweb_t8/qwen3-1.7b/hotpotqa/seq/run_2
qwen3-1.7b,hotpotqa,sequential,1,3,512,0.0,0.0,0.0,main_table_clueweb_t8/qwen3-1.7b/hotpotqa/seq/run_3
qwen3-1.7b,musique,diversity_parallel,4,1,512,0.5873674511718746,0.5037074531250002,0.5177367890624999,main_table_clueweb_t8/qwen3-1.7b/musique/div_k4/run_1
qwen3-1.7b,musique,diversity_parallel,4,2,512,0.5920126542968753,0.5112360898437506,0.5236486269531252,main_table_clueweb_t8/qwen3-1.7b/musique/div_k4/run_2
qwen3-1.7b,musique,diversity_parallel,4,3,512,0.5866190859374998,0.51787684375,0.5190722128906248,main_table_clueweb_t8/qwen3-1.7b/musique/div_k4/run_3
qwen3-1.7b,musique,diversity_parallel,8,1,512,0.5256975703125002,0.526561533203125,0.4275162539062504,main_table_clueweb_t8/qwen3-1.7b/musique/div_k8/run_1
qwen3-1.7b,musique,diversity_parallel,8,2,512,0.5345373437500006,0.5216500292968752,0.4764323710937503,main_table_clueweb_t8/qwen3-1.7b/musique/div_k8/run_2
qwen3-1.7b,musique,diversity_parallel,8,3,512,0.5337035000000002,0.5241494121093752,0.4715611074218749,main_table_clueweb_t8/qwen3-1.7b/musique/div_k8/run_3
qwen3-1.7b,musique,naive_parallel,4,1,512,0.222545228515625,0.7145390039062504,0.232595677734375,main_table_clueweb_t8/qwen3-1.7b/musique/naive_k4/run_1
qwen3-1.7b,musique,naive_parallel,4,2,512,0.2227507929687499,0.7161018476562494,0.2317951660156249,main_table_clueweb_t8/qwen3-1.7b/musique/naive_k4/run_2
qwen3-1.7b,musique,naive_parallel,4,3,512,0.222202142578125,0.7171477890625001,0.234489703125,main_table_clueweb_t8/qwen3-1.7b/musique/naive_k4/run_3
qwen3-1.7b,musique,naive_parallel,8,1,512,0.2167874589843751,0.738198791015625,0.22801778125,main_table_clueweb_t8/qwen3-1.7b/musique/naive_k8/run_1
qwen3-1.7b,musique,naive_parallel,8,2,512,0.22686119140625,0.7317608437500003,0.237111974609375,main_table_clueweb_t8/qwen3-1.7b/musique/naive_k8/run_2
qwen3-1.7b,musique,naive_parallel,8,3,512,0.219133548828125,0.7312824550781256,0.2328663359375,main_table_clueweb_t8/qwen3-1.7b/musique/naive_k8/run_3
qwen3-1.7b,musique,sequential,1,1,512,0.0,0.0,0.0,main_table_clueweb_t8/qwen3-1.7b/musique/seq/run_1
qwen3-1.7b,musique,sequential,1,2,512,0.0,0.0,0.0,main_table_clueweb_t8/qwen3-1.7b/musique/seq/run_2
qwen3-1.7b,musique,sequential,1,3,512,0.0,0.0,0.0,main_table_clueweb_t8/qwen3-1.7b/musique/seq/run_3
qwen3-4b,2wikimultihopqa,diversity_parallel,4,1,512,0.7194861914062496,0.094795712890625,0.7181392656249993,main_table_clueweb_t8/qwen3-4b/2wikimultihopqa/div_k4/run_1
qwen3-4b,2wikimultihopqa,diversity_parallel,4,2,512,0.7099340546874997,0.09696696875,0.7082771503906246,main_table_clueweb_t8/qwen3-4b/2wikimultihopqa/div_k4/run_2
qwen3-4b,2wikimultihopqa,diversity_parallel,4,3,512,0.7148673574218752,0.0958715136718749,0.7132077929687503,main_table_clueweb_t8/qwen3-4b/2wikimultihopqa/div_k4/run_3
qwen3-4b,2wikimultihopqa,diversity_parallel,8,1,512,0.6506829003906247,0.1732188535156249,0.6484208339843748,main_table_clueweb_t8/qwen3-4b/2wikimultihopqa/div_k8/run_1
qwen3-4b,2wikimultihopqa,diversity_parallel,8,2,512,0.6520156289062502,0.1769952753906249,0.6495453281249999,main_table_clueweb_t8/qwen3-4b/2wikimultihopqa/div_k8/run_2
qwen3-4b,2wikimultihopqa,diversity_parallel,8,3,512,0.656766208984375,0.1826500878906249,0.654109552734375,main_table_clueweb_t8/qwen3-4b/2wikimultihopqa/div_k8/run_3
qwen3-4b,2wikimultihopqa,naive_parallel,4,1,512,0.107017287109375,0.063696568359375,0.107385087890625,main_table_clueweb_t8/qwen3-4b/2wikimultihopqa/naive_k4/run_1
qwen3-4b,2wikimultihopqa,naive_parallel,4,2,512,0.126724375,0.062937083984375,0.127626220703125,main_table_clueweb_t8/qwen3-4b/2wikimultihopqa/naive_k4/run_2
qwen3-4b,2wikimultihopqa,naive_parallel,4,3,512,0.1205184882812499,0.0581908242187499,0.1211902617187499,main_table_clueweb_t8/qwen3-4b/2wikimultihopqa/naive_k4/run_3
qwen3-4b,2wikimultihopqa,naive_parallel,8,1,512,0.1395409707031248,0.1098174257812499,0.1400805937499998,main_table_clueweb_t8/qwen3-4b/2wikimultihopqa/naive_k8/run_1
qwen3-4b,2wikimultihopqa,naive_parallel,8,2,512,0.1377180605468749,0.0936849453124999,0.1388454316406249,main_table_clueweb_t8/qwen3-4b/2wikimultihopqa/naive_k8/run_2
qwen3-4b,2wikimultihopqa,naive_parallel,8,3,512,0.135044615234375,0.1051991757812499,0.1347305625,main_table_clueweb_t8/qwen3-4b/2wikimultihopqa/naive_k8/run_3
qwen3-4b,2wikimultihopqa,sequential,1,1,512,0.0,0.0,0.0,main_table_clueweb_t8/qwen3-4b/2wikimultihopqa/seq/run_1
qwen3-4b,2wikimultihopqa,sequential,1,2,512,0.0,0.0,0.0,main_table_clueweb_t8/qwen3-4b/2wikimultihopqa/seq/run_2
qwen3-4b,2wikimultihopqa,sequential,1,3,512,0.0,0.0,0.0,main_table_clueweb_t8/qwen3-4b/2wikimultihopqa/seq/run_3
qwen3-4b,GAIA,diversity_parallel,4,1,103,0.6655065436893206,0.5638890970873786,0.5960174466019418,main_table_clueweb_t8/qwen3-4b/GAIA/div_k4/run_1
qwen3-4b,GAIA,diversity_parallel,4,2,103,0.6688561747572813,0.5614714757281553,0.609418844660194,main_table_clueweb_t8/qwen3-4b/GAIA/div_k4/run_2
qwen3-4b,GAIA,diversity_parallel,4,3,103,0.671143951456311,0.5769785048543691,0.6198326019417474,main_table_clueweb_t8/qwen3-4b/GAIA/div_k4/run_3
qwen3-4b,GAIA,diversity_parallel,8,1,103,0.6056305825242718,0.6106310485436894,0.5503605242718448,main_table_clueweb_t8/qwen3-4b/GAIA/div_k8/run_1
qwen3-4b,GAIA,diversity_parallel,8,2,103,0.6136571456310678,0.627351776699029,0.5663452038834952,main_table_clueweb_t8/qwen3-4b/GAIA/div_k8/run_2
qwen3-4b,GAIA,diversity_parallel,8,3,103,0.6166325631067958,0.6352109126213593,0.5623265631067962,main_table_clueweb_t8/qwen3-4b/GAIA/div_k8/run_3
qwen3-4b,GAIA,naive_parallel,4,1,103,0.1704167669902913,0.7403893203883495,0.1668772233009708,main_table_clueweb_t8/qwen3-4b/GAIA/naive_k4/run_1
qwen3-4b,GAIA,naive_parallel,4,2,103,0.148659708737864,0.6808841262135923,0.150444281553398,main_table_clueweb_t8/qwen3-4b/GAIA/naive_k4/run_2
qwen3-4b,GAIA,naive_parallel,4,3,103,0.1523630291262135,0.7410342621359225,0.1503508640776699,main_table_clueweb_t8/qwen3-4b/GAIA/naive_k4/run_3
qwen3-4b,GAIA,naive_parallel,8,1,103,0.1536982718446601,0.7786421359223301,0.1557131650485436,main_table_clueweb_t8/qwen3-4b/GAIA/naive_k8/run_1
qwen3-4b,GAIA,naive_parallel,8,2,103,0.153188,0.7508992427184465,0.1558616504854368,main_table_clueweb_t8/qwen3-4b/GAIA/naive_k8/run_2
qwen3-4b,GAIA,naive_parallel,8,3,103,0.1493447766990291,0.7677360582524273,0.1490936699029126,main_table_clueweb_t8/qwen3-4b/GAIA/naive_k8/run_3
qwen3-4b,GAIA,sequential,1,1,103,0.0,0.0,0.0,main_table_clueweb_t8/qwen3-4b/GAIA/seq/run_1
qwen3-4b,GAIA,sequential,1,2,103,0.0,0.0,0.0,main_table_clueweb_t8/qwen3-4b/GAIA/seq/run_2
qwen3-4b,GAIA,sequential,1,3,103,0.0,0.0,0.0,main_table_clueweb_t8/qwen3-4b/GAIA/seq/run_3
qwen3-4b,bamboogle,diversity_parallel,4,1,125,0.6854597279999999,0.2156715199999999,0.6749440639999998,main_table_clueweb_t8/qwen3-4b/bamboogle/div_k4/run_1
qwen3-4b,bamboogle,diversity_parallel,4,2,125,0.6841877439999998,0.202253768,0.673662656,main_table_clueweb_t8/qwen3-4b/bamboogle/div_k4/run_2
qwen3-4b,bamboogle,diversity_parallel,4,3,125,0.687780728,0.231882536,0.673019888,main_table_clueweb_t8/qwen3-4b/bamboogle/div_k4/run_3
qwen3-4b,bamboogle,diversity_parallel,8,1,125,0.623536984,0.304632256,0.6110785200000002,main_table_clueweb_t8/qwen3-4b/bamboogle/div_k8/run_1
qwen3-4b,bamboogle,diversity_parallel,8,2,125,0.6290492480000002,0.286324456,0.6139415280000001,main_table_clueweb_t8/qwen3-4b/bamboogle/div_k8/run_2
qwen3-4b,bamboogle,diversity_parallel,8,3,125,0.6177728399999999,0.310895552,0.606534504,main_table_clueweb_t8/qwen3-4b/bamboogle/div_k8/run_3
qwen3-4b,bamboogle,naive_parallel,4,1,125,0.098143784,0.1676,0.099371384,main_table_clueweb_t8/qwen3-4b/bamboogle/naive_k4/run_1
qwen3-4b,bamboogle,naive_parallel,4,2,125,0.091973152,0.144862344,0.091682112,main_table_clueweb_t8/qwen3-4b/bamboogle/naive_k4/run_2
qwen3-4b,bamboogle,naive_parallel,4,3,125,0.10529424,0.163489104,0.105282208,main_table_clueweb_t8/qwen3-4b/bamboogle/naive_k4/run_3
qwen3-4b,bamboogle,naive_parallel,8,1,125,0.095190552,0.18917192,0.093844872,main_table_clueweb_t8/qwen3-4b/bamboogle/naive_k8/run_1
qwen3-4b,bamboogle,naive_parallel,8,2,125,0.1032495039999999,0.218677712,0.1025423599999999,main_table_clueweb_t8/qwen3-4b/bamboogle/naive_k8/run_2
qwen3-4b,bamboogle,naive_parallel,8,3,125,0.0998209279999999,0.192816312,0.0992656639999999,main_table_clueweb_t8/qwen3-4b/bamboogle/naive_k8/run_3
qwen3-4b,bamboogle,sequential,1,1,125,0.0,0.0,0.0,main_table_clueweb_t8/qwen3-4b/bamboogle/seq/run_1
qwen3-4b,bamboogle,sequential,1,2,125,0.0,0.0,0.0,main_table_clueweb_t8/qwen3-4b/bamboogle/seq/run_2
qwen3-4b,bamboogle,sequential,1,3,125,0.0,0.0,0.0,main_table_clueweb_t8/qwen3-4b/bamboogle/seq/run_3
qwen3-4b,frames,diversity_parallel,4,1,824,0.6694093580097086,0.4429767718446601,0.6408700570388349,main_table_clueweb_t8/qwen3-4b/frames/div_k4/run_1
qwen3-4b,frames,diversity_parallel,4,2,824,0.6716314648058246,0.4190117475728155,0.6377252402912625,main_table_clueweb_t8/qwen3-4b/frames/div_k4/run_2
qwen3-4b,frames,diversity_parallel,4,3,824,0.6714115970873785,0.4267984041262143,0.6398264332524265,main_table_clueweb_t8/qwen3-4b/frames/div_k4/run_3
qwen3-4b,frames,diversity_parallel,8,1,824,0.6122714405339801,0.4892972572815536,0.5822526043689318,main_table_clueweb_t8/qwen3-4b/frames/div_k8/run_1
qwen3-4b,frames,diversity_parallel,8,2,824,0.6090635570388346,0.4837633847087381,0.58266636407767,main_table_clueweb_t8/qwen3-4b/frames/div_k8/run_2
qwen3-4b,frames,diversity_parallel,8,3,824,0.6127233932038839,0.4850207900485438,0.5844428325242724,main_table_clueweb_t8/qwen3-4b/frames/div_k8/run_3
qwen3-4b,frames,naive_parallel,4,1,824,0.1212047536407766,0.465985001213592,0.1220495691747572,main_table_clueweb_t8/qwen3-4b/frames/naive_k4/run_1
qwen3-4b,frames,naive_parallel,4,2,824,0.118763572815534,0.4545570788834953,0.1181343580097087,main_table_clueweb_t8/qwen3-4b/frames/naive_k4/run_2
qwen3-4b,frames,naive_parallel,4,3,824,0.1219136262135921,0.4464024587378639,0.1208415728155338,main_table_clueweb_t8/qwen3-4b/frames/naive_k4/run_3
qwen3-4b,frames,naive_parallel,8,1,824,0.1209375230582523,0.5146271152912619,0.1201669114077669,main_table_clueweb_t8/qwen3-4b/frames/naive_k8/run_1
qwen3-4b,frames,naive_parallel,8,2,824,0.1208809720873785,0.5207491274271847,0.1199667415048542,main_table_clueweb_t8/qwen3-4b/frames/naive_k8/run_2
qwen3-4b,frames,naive_parallel,8,3,824,0.1225745776699029,0.5081117160194173,0.1210131298543689,main_table_clueweb_t8/qwen3-4b/frames/naive_k8/run_3
qwen3-4b,frames,sequential,1,1,824,0.0,0.0,0.0,main_table_clueweb_t8/qwen3-4b/frames/seq/run_1
qwen3-4b,frames,sequential,1,2,824,0.0,0.0,0.0,main_table_clueweb_t8/qwen3-4b/frames/seq/run_2
qwen3-4b,frames,sequential,1,3,824,0.0,0.0,0.0,main_table_clueweb_t8/qwen3-4b/frames/seq/run_3
qwen3-4b,hle,diversity_parallel,4,1,500,0.8067368959999996,0.3404946179999998,0.690210936,main_table_clueweb_t8/qwen3-4b/hle/div_k4/run_1
qwen3-4b,hle,diversity_parallel,4,2,500,0.7983705059999998,0.3516290900000001,0.6885239859999993,main_table_clueweb_t8/qwen3-4b/hle/div_k4/run_2
qwen3-4b,hle,diversity_parallel,4,3,500,0.803503248,0.3555227820000004,0.6930347620000008,main_table_clueweb_t8/qwen3-4b/hle/div_k4/run_3
qwen3-4b,hle,diversity_parallel,8,1,500,0.7581814220000002,0.3775795500000002,0.6540426259999998,main_table_clueweb_t8/qwen3-4b/hle/div_k8/run_1
qwen3-4b,hle,diversity_parallel,8,2,500,0.761933254,0.3706498180000001,0.6532236839999995,main_table_clueweb_t8/qwen3-4b/hle/div_k8/run_2
qwen3-4b,hle,diversity_parallel,8,3,500,0.7628817159999999,0.3689024859999998,0.6553141380000009,main_table_clueweb_t8/qwen3-4b/hle/div_k8/run_3
qwen3-4b,hle,naive_parallel,4,1,500,0.233767954,0.6475695540000004,0.2385437559999999,main_table_clueweb_t8/qwen3-4b/hle/naive_k4/run_1
qwen3-4b,hle,naive_parallel,4,2,500,0.230853684,0.6481545339999999,0.2340199920000001,main_table_clueweb_t8/qwen3-4b/hle/naive_k4/run_2
qwen3-4b,hle,naive_parallel,4,3,500,0.2389983519999999,0.641880448,0.2394990899999999,main_table_clueweb_t8/qwen3-4b/hle/naive_k4/run_3
qwen3-4b,hle,naive_parallel,8,1,500,0.239065454,0.6711410320000001,0.2416905180000002,main_table_clueweb_t8/qwen3-4b/hle/naive_k8/run_1
qwen3-4b,hle,naive_parallel,8,2,500,0.2401667919999998,0.6733294819999999,0.2425727599999998,main_table_clueweb_t8/qwen3-4b/hle/naive_k8/run_2
qwen3-4b,hle,naive_parallel,8,3,500,0.2411627499999999,0.6673577479999997,0.242641356,main_table_clueweb_t8/qwen3-4b/hle/naive_k8/run_3
qwen3-4b,hle,sequential,1,1,500,0.0,0.0,0.0,main_table_clueweb_t8/qwen3-4b/hle/seq/run_1
qwen3-4b,hle,sequential,1,2,500,0.0,0.0,0.0,main_table_clueweb_t8/qwen3-4b/hle/seq/run_2
qwen3-4b,hle,sequential,1,3,500,0.0,0.0,0.0,main_table_clueweb_t8/qwen3-4b/hle/seq/run_3
qwen3-4b,hotpotqa,diversity_parallel,4,1,512,0.6782384746093747,0.0852513007812499,0.6769321953124997,main_table_clueweb_t8/qwen3-4b/hotpotqa/div_k4/run_1
qwen3-4b,hotpotqa,diversity_parallel,4,2,512,0.6803935351562493,0.077467720703125,0.6791010429687494,main_table_clueweb_t8/qwen3-4b/hotpotqa/div_k4/run_2
qwen3-4b,hotpotqa,diversity_parallel,4,3,512,0.6799164765625002,0.07033318359375,0.6791418730468752,main_table_clueweb_t8/qwen3-4b/hotpotqa/div_k4/run_3
qwen3-4b,hotpotqa,diversity_parallel,8,1,512,0.622911646484375,0.142066712890625,0.62203683984375,main_table_clueweb_t8/qwen3-4b/hotpotqa/div_k8/run_1
qwen3-4b,hotpotqa,diversity_parallel,8,2,512,0.6209828789062511,0.110743068359375,0.6198838476562509,main_table_clueweb_t8/qwen3-4b/hotpotqa/div_k8/run_2
qwen3-4b,hotpotqa,diversity_parallel,8,3,512,0.6222377031249998,0.127356255859375,0.6210907929687498,main_table_clueweb_t8/qwen3-4b/hotpotqa/div_k8/run_3
qwen3-4b,hotpotqa,naive_parallel,4,1,512,0.1027138906249999,0.06257240234375,0.1036210136718749,main_table_clueweb_t8/qwen3-4b/hotpotqa/naive_k4/run_1
qwen3-4b,hotpotqa,naive_parallel,4,2,512,0.11678890234375,0.06842158203125,0.1176764960937499,main_table_clueweb_t8/qwen3-4b/hotpotqa/naive_k4/run_2
qwen3-4b,hotpotqa,naive_parallel,4,3,512,0.10033859375,0.057967970703125,0.1005833417968749,main_table_clueweb_t8/qwen3-4b/hotpotqa/naive_k4/run_3
qwen3-4b,hotpotqa,naive_parallel,8,1,512,0.1233068359374999,0.0915312148437499,0.124445326171875,main_table_clueweb_t8/qwen3-4b/hotpotqa/naive_k8/run_1
qwen3-4b,hotpotqa,naive_parallel,8,2,512,0.1283614804687499,0.0915627207031249,0.1293007558593749,main_table_clueweb_t8/qwen3-4b/hotpotqa/naive_k8/run_2
qwen3-4b,hotpotqa,naive_parallel,8,3,512,0.119422865234375,0.087714947265625,0.1196649628906249,main_table_clueweb_t8/qwen3-4b/hotpotqa/naive_k8/run_3
qwen3-4b,hotpotqa,sequential,1,1,512,0.0,0.0,0.0,main_table_clueweb_t8/qwen3-4b/hotpotqa/seq/run_1
qwen3-4b,hotpotqa,sequential,1,2,512,0.0,0.0,0.0,main_table_clueweb_t8/qwen3-4b/hotpotqa/seq/run_2
qwen3-4b,hotpotqa,sequential,1,3,512,0.0,0.0,0.0,main_table_clueweb_t8/qwen3-4b/hotpotqa/seq/run_3
qwen3-4b,musique,diversity_parallel,4,1,512,0.6727210996093752,0.3597370820312499,0.6416747207031257,main_table_clueweb_t8/qwen3-4b/musique/div_k4/run_1
qwen3-4b,musique,diversity_parallel,4,2,512,0.6740420937500003,0.3846783066406248,0.6429062792968753,main_table_clueweb_t8/qwen3-4b/musique/div_k4/run_2
qwen3-4b,musique,diversity_parallel,4,3,512,0.6718390175781244,0.38513766015625,0.6421605039062487,main_table_clueweb_t8/qwen3-4b/musique/div_k4/run_3
qwen3-4b,musique,diversity_parallel,8,1,512,0.6156633261718751,0.4388050605468751,0.5909786308593749,main_table_clueweb_t8/qwen3-4b/musique/div_k8/run_1
qwen3-4b,musique,diversity_parallel,8,2,512,0.6141748085937507,0.4284799433593751,0.5900573554687503,main_table_clueweb_t8/qwen3-4b/musique/div_k8/run_2
qwen3-4b,musique,diversity_parallel,8,3,512,0.6153199921874994,0.4276439335937501,0.5888760234374996,main_table_clueweb_t8/qwen3-4b/musique/div_k8/run_3
qwen3-4b,musique,naive_parallel,4,1,512,0.11472247265625,0.3919380996093751,0.1152321015625,main_table_clueweb_t8/qwen3-4b/musique/naive_k4/run_1
qwen3-4b,musique,naive_parallel,4,2,512,0.1167999492187499,0.392738896484375,0.1176306171875,main_table_clueweb_t8/qwen3-4b/musique/naive_k4/run_2
qwen3-4b,musique,naive_parallel,4,3,512,0.12119290234375,0.3857748964843749,0.1210224863281249,main_table_clueweb_t8/qwen3-4b/musique/naive_k4/run_3
qwen3-4b,musique,naive_parallel,8,1,512,0.1115151484375,0.4432298105468749,0.112655109375,main_table_clueweb_t8/qwen3-4b/musique/naive_k8/run_1
qwen3-4b,musique,naive_parallel,8,2,512,0.116311357421875,0.4497189628906249,0.1165280234375,main_table_clueweb_t8/qwen3-4b/musique/naive_k8/run_2
qwen3-4b,musique,naive_parallel,8,3,512,0.1118289472656249,0.4392198359375001,0.11210133203125,main_table_clueweb_t8/qwen3-4b/musique/naive_k8/run_3
qwen3-4b,musique,sequential,1,1,512,0.0,0.0,0.0,main_table_clueweb_t8/qwen3-4b/musique/seq/run_1
qwen3-4b,musique,sequential,1,2,512,0.0,0.0,0.0,main_table_clueweb_t8/qwen3-4b/musique/seq/run_2
qwen3-4b,musique,sequential,1,3,512,0.0,0.0,0.0,main_table_clueweb_t8/qwen3-4b/musique/seq/run_3
qwen3-8b,2wikimultihopqa,diversity_parallel,8,1,512,0.6897640585937503,0.310956603515625,0.6777287050781248,main_table_clueweb_t8/qwen3-8b/2wikimultihopqa/div_k8/run_1
qwen3-8b,2wikimultihopqa,diversity_parallel,8,2,512,0.6845672382812493,0.3026705312500001,0.6724453808593752,main_table_clueweb_t8/qwen3-8b/2wikimultihopqa/div_k8/run_2
qwen3-8b,2wikimultihopqa,diversity_parallel,8,3,512,0.6921209882812502,0.2946307539062499,0.6812817382812499,main_table_clueweb_t8/qwen3-8b/2wikimultihopqa/div_k8/run_3
qwen3-8b,2wikimultihopqa,diversity_parallel,4,1,512,0.743202166015626,0.2573889785156248,0.7272936816406258,main_table_clueweb_t8/qwen3-8b/2wikimultihopqa/diversity_parallel/run_1
qwen3-8b,2wikimultihopqa,diversity_parallel,4,2,512,0.7475072890624999,0.2736620136718751,0.7328795546874994,main_table_clueweb_t8/qwen3-8b/2wikimultihopqa/diversity_parallel/run_2
qwen3-8b,2wikimultihopqa,diversity_parallel,4,3,512,0.7447737246093751,0.2448500898437498,0.7298232031249998,main_table_clueweb_t8/qwen3-8b/2wikimultihopqa/diversity_parallel/run_3
qwen3-8b,2wikimultihopqa,diversity_parallel,4,4,512,0.7448448281249991,0.249283693359375,0.7261864785156245,main_table_clueweb_t8/qwen3-8b/2wikimultihopqa/diversity_parallel/run_4
qwen3-8b,2wikimultihopqa,diversity_parallel,4,5,512,0.7468952675781249,0.23878465234375,0.7315638203125004,main_table_clueweb_t8/qwen3-8b/2wikimultihopqa/diversity_parallel/run_5
qwen3-8b,2wikimultihopqa,naive_parallel,8,1,512,0.113678521484375,0.32447606640625,0.12813212109375,main_table_clueweb_t8/qwen3-8b/2wikimultihopqa/naive_k8/run_1
qwen3-8b,2wikimultihopqa,naive_parallel,8,2,512,0.1174579980468749,0.3177275859375001,0.1323193984374999,main_table_clueweb_t8/qwen3-8b/2wikimultihopqa/naive_k8/run_2
qwen3-8b,2wikimultihopqa,naive_parallel,8,3,512,0.1107763378906249,0.3025065917968752,0.1286083066406249,main_table_clueweb_t8/qwen3-8b/2wikimultihopqa/naive_k8/run_3
qwen3-8b,2wikimultihopqa,naive_parallel,4,1,512,0.10932544921875,0.2632604765625,0.123621056640625,main_table_clueweb_t8/qwen3-8b/2wikimultihopqa/naive_parallel/run_1
qwen3-8b,2wikimultihopqa,naive_parallel,4,2,512,0.117186197265625,0.2619833828125001,0.13074175,main_table_clueweb_t8/qwen3-8b/2wikimultihopqa/naive_parallel/run_2
qwen3-8b,2wikimultihopqa,naive_parallel,4,3,512,0.109917015625,0.260027357421875,0.126625576171875,main_table_clueweb_t8/qwen3-8b/2wikimultihopqa/naive_parallel/run_3
qwen3-8b,2wikimultihopqa,naive_parallel,4,4,512,0.10663655859375,0.2519826367187501,0.119694822265625,main_table_clueweb_t8/qwen3-8b/2wikimultihopqa/naive_parallel/run_4
qwen3-8b,2wikimultihopqa,naive_parallel,4,5,512,0.119108865234375,0.270316810546875,0.132405197265625,main_table_clueweb_t8/qwen3-8b/2wikimultihopqa/naive_parallel/run_5
qwen3-8b,2wikimultihopqa,sequential,1,1,512,0.0,0.0,0.0,main_table_clueweb_t8/qwen3-8b/2wikimultihopqa/seq/run_1
qwen3-8b,2wikimultihopqa,sequential,1,2,512,0.0,0.0,0.0,main_table_clueweb_t8/qwen3-8b/2wikimultihopqa/seq/run_2
qwen3-8b,2wikimultihopqa,sequential,1,3,512,0.0,0.0,0.0,main_table_clueweb_t8/qwen3-8b/2wikimultihopqa/seq/run_3
qwen3-8b,2wikimultihopqa,sequential,1,1,512,0.0,0.0,0.0,main_table_clueweb_t8/qwen3-8b/2wikimultihopqa/sequential/run_1
qwen3-8b,2wikimultihopqa,sequential,1,2,512,0.0,0.0,0.0,main_table_clueweb_t8/qwen3-8b/2wikimultihopqa/sequential/run_2
qwen3-8b,2wikimultihopqa,sequential,1,3,512,0.0,0.0,0.0,main_table_clueweb_t8/qwen3-8b/2wikimultihopqa/sequential/run_3
qwen3-8b,2wikimultihopqa,sequential,1,4,512,0.0,0.0,0.0,main_table_clueweb_t8/qwen3-8b/2wikimultihopqa/sequential/run_4
qwen3-8b,2wikimultihopqa,sequential,1,5,512,0.0,0.0,0.0,main_table_clueweb_t8/qwen3-8b/2wikimultihopqa/sequential/run_5
qwen3-8b,GAIA,diversity_parallel,8,1,103,0.6971125048543688,0.4472872524271845,0.5641001844660193,main_table_clueweb_t8/qwen3-8b/GAIA/div_k8/run_1
qwen3-8b,GAIA,diversity_parallel,8,2,103,0.6983044466019418,0.4641202718446601,0.5762235922330099,main_table_clueweb_t8/qwen3-8b/GAIA/div_k8/run_2
qwen3-8b,GAIA,diversity_parallel,8,3,103,0.7090432524271841,0.4374752524271844,0.5854741262135922,main_table_clueweb_t8/qwen3-8b/GAIA/div_k8/run_3
qwen3-8b,GAIA,diversity_parallel,4,1,103,0.7602437766990293,0.4283759320388351,0.6089152233009709,main_table_clueweb_t8/qwen3-8b/GAIA/diversity_parallel/run_1
qwen3-8b,GAIA,diversity_parallel,4,2,103,0.7469877087378639,0.4433856990291261,0.5985189902912623,main_table_clueweb_t8/qwen3-8b/GAIA/diversity_parallel/run_2
qwen3-8b,GAIA,diversity_parallel,4,3,103,0.7540893398058255,0.4287939805825241,0.6001091941747574,main_table_clueweb_t8/qwen3-8b/GAIA/diversity_parallel/run_3
qwen3-8b,GAIA,diversity_parallel,4,4,103,0.759560640776699,0.4506133009708738,0.6085464854368932,main_table_clueweb_t8/qwen3-8b/GAIA/diversity_parallel/run_4
qwen3-8b,GAIA,diversity_parallel,4,5,103,0.7438203883495146,0.4456387572815533,0.6068310388349515,main_table_clueweb_t8/qwen3-8b/GAIA/diversity_parallel/run_5
qwen3-8b,GAIA,naive_parallel,8,1,103,0.1713833398058252,0.7340165436893203,0.2271173495145631,main_table_clueweb_t8/qwen3-8b/GAIA/naive_k8/run_1
qwen3-8b,GAIA,naive_parallel,8,2,103,0.1726472524271844,0.7346158155339806,0.223894213592233,main_table_clueweb_t8/qwen3-8b/GAIA/naive_k8/run_2
qwen3-8b,GAIA,naive_parallel,8,3,103,0.181313427184466,0.7376310097087377,0.227174067961165,main_table_clueweb_t8/qwen3-8b/GAIA/naive_k8/run_3
qwen3-8b,GAIA,naive_parallel,4,1,103,0.1699759999999999,0.7093105825242719,0.227247349514563,main_table_clueweb_t8/qwen3-8b/GAIA/naive_parallel/run_1
qwen3-8b,GAIA,naive_parallel,4,2,103,0.1734200388349515,0.7347891067961165,0.2215490873786408,main_table_clueweb_t8/qwen3-8b/GAIA/naive_parallel/run_2
qwen3-8b,GAIA,naive_parallel,4,3,103,0.1742199999999999,0.7140328349514565,0.2300369902912621,main_table_clueweb_t8/qwen3-8b/GAIA/naive_parallel/run_3
qwen3-8b,GAIA,naive_parallel,4,4,103,0.1655308155339806,0.7248547864077667,0.2218620970873786,main_table_clueweb_t8/qwen3-8b/GAIA/naive_parallel/run_4
qwen3-8b,GAIA,naive_parallel,4,5,103,0.1617850679611651,0.7280040194174757,0.2152715145631068,main_table_clueweb_t8/qwen3-8b/GAIA/naive_parallel/run_5
qwen3-8b,GAIA,sequential,1,1,103,0.0,0.0,0.0,main_table_clueweb_t8/qwen3-8b/GAIA/seq/run_1
qwen3-8b,GAIA,sequential,1,2,103,0.0,0.0,0.0,main_table_clueweb_t8/qwen3-8b/GAIA/seq/run_2
qwen3-8b,GAIA,sequential,1,3,103,0.0,0.0,0.0,main_table_clueweb_t8/qwen3-8b/GAIA/seq/run_3
qwen3-8b,GAIA,sequential,1,4,103,0.0,0.0,0.0,main_table_clueweb_t8/qwen3-8b/GAIA/seq/run_4
qwen3-8b,GAIA,sequential,1,5,103,0.0,0.0,0.0,main_table_clueweb_t8/qwen3-8b/GAIA/seq/run_5
qwen3-8b,GAIA,sequential,1,1,103,0.0,0.0,0.0,main_table_clueweb_t8/qwen3-8b/GAIA/sequential/run_1
qwen3-8b,GAIA,sequential,1,2,103,0.0,0.0,0.0,main_table_clueweb_t8/qwen3-8b/GAIA/sequential/run_2
qwen3-8b,GAIA,sequential,1,3,103,0.0,0.0,0.0,main_table_clueweb_t8/qwen3-8b/GAIA/sequential/run_3
qwen3-8b,GAIA,sequential,1,4,103,0.0,0.0,0.0,main_table_clueweb_t8/qwen3-8b/GAIA/sequential/run_4
qwen3-8b,GAIA,sequential,1,5,103,0.0,0.0,0.0,main_table_clueweb_t8/qwen3-8b/GAIA/sequential/run_5
qwen3-8b,bamboogle,diversity_parallel,8,1,125,0.707112144,0.3298801199999999,0.6299479439999998,main_table_clueweb_t8/qwen3-8b/bamboogle/div_k8/run_1
qwen3-8b,bamboogle,diversity_parallel,8,2,125,0.6986588639999999,0.3433542479999998,0.6323349359999998,main_table_clueweb_t8/qwen3-8b/bamboogle/div_k8/run_2
qwen3-8b,bamboogle,diversity_parallel,8,3,125,0.7087443839999996,0.3233282719999999,0.6317193440000002,main_table_clueweb_t8/qwen3-8b/bamboogle/div_k8/run_3
qwen3-8b,bamboogle,diversity_parallel,4,1,125,0.7556540879999999,0.313135408,0.67293472,main_table_clueweb_t8/qwen3-8b/bamboogle/diversity_parallel/run_1
qwen3-8b,bamboogle,diversity_parallel,4,2,125,0.7513759280000001,0.282752568,0.6620637279999996,main_table_clueweb_t8/qwen3-8b/bamboogle/diversity_parallel/run_2
qwen3-8b,bamboogle,diversity_parallel,4,3,125,0.7521908800000005,0.3176924880000001,0.6842506719999999,main_table_clueweb_t8/qwen3-8b/bamboogle/diversity_parallel/run_3
qwen3-8b,bamboogle,diversity_parallel,4,4,125,0.7484603360000001,0.318707376,0.6668656000000002,main_table_clueweb_t8/qwen3-8b/bamboogle/diversity_parallel/run_4
qwen3-8b,bamboogle,diversity_parallel,4,5,125,0.7553297439999996,0.2932401919999999,0.6718987839999998,main_table_clueweb_t8/qwen3-8b/bamboogle/diversity_parallel/run_5
qwen3-8b,bamboogle,naive_parallel,8,1,125,0.0966339999999999,0.4447703759999999,0.122420176,main_table_clueweb_t8/qwen3-8b/bamboogle/naive_k8/run_1
qwen3-8b,bamboogle,naive_parallel,8,2,125,0.089444576,0.457367968,0.125826704,main_table_clueweb_t8/qwen3-8b/bamboogle/naive_k8/run_2
qwen3-8b,bamboogle,naive_parallel,8,3,125,0.103237704,0.4433705119999999,0.135786856,main_table_clueweb_t8/qwen3-8b/bamboogle/naive_k8/run_3
qwen3-8b,bamboogle,naive_parallel,4,1,125,0.09859704,0.4264669119999999,0.12434276,main_table_clueweb_t8/qwen3-8b/bamboogle/naive_parallel/run_1
qwen3-8b,bamboogle,naive_parallel,4,2,125,0.089714696,0.4461232879999999,0.131628416,main_table_clueweb_t8/qwen3-8b/bamboogle/naive_parallel/run_2
qwen3-8b,bamboogle,naive_parallel,4,3,125,0.1144299199999999,0.421707448,0.1476102319999999,main_table_clueweb_t8/qwen3-8b/bamboogle/naive_parallel/run_3
qwen3-8b,bamboogle,naive_parallel,4,4,125,0.103280232,0.4258071759999999,0.1352021839999999,main_table_clueweb_t8/qwen3-8b/bamboogle/naive_parallel/run_4
qwen3-8b,bamboogle,naive_parallel,4,5,125,0.0967305599999999,0.4234211679999999,0.130446976,main_table_clueweb_t8/qwen3-8b/bamboogle/naive_parallel/run_5
qwen3-8b,bamboogle,sequential,1,1,125,0.0,0.0,0.0,main_table_clueweb_t8/qwen3-8b/bamboogle/seq/run_1
qwen3-8b,bamboogle,sequential,1,2,125,0.0,0.0,0.0,main_table_clueweb_t8/qwen3-8b/bamboogle/seq/run_2
qwen3-8b,bamboogle,sequential,1,3,125,0.0,0.0,0.0,main_table_clueweb_t8/qwen3-8b/bamboogle/seq/run_3
qwen3-8b,bamboogle,sequential,1,1,125,0.0,0.0,0.0,main_table_clueweb_t8/qwen3-8b/bamboogle/sequential/run_1
qwen3-8b,bamboogle,sequential,1,2,125,0.0,0.0,0.0,main_table_clueweb_t8/qwen3-8b/bamboogle/sequential/run_2
qwen3-8b,bamboogle,sequential,1,3,125,0.0,0.0,0.0,main_table_clueweb_t8/qwen3-8b/bamboogle/sequential/run_3
qwen3-8b,bamboogle,sequential,1,4,125,0.0,0.0,0.0,main_table_clueweb_t8/qwen3-8b/bamboogle/sequential/run_4
qwen3-8b,bamboogle,sequential,1,5,125,0.0,0.0,0.0,main_table_clueweb_t8/qwen3-8b/bamboogle/sequential/run_5
qwen3-8b,frames,diversity_parallel,8,1,824,0.7071271541262134,0.3461023458737862,0.6253115485436895,main_table_clueweb_t8/qwen3-8b/frames/div_k8/run_1
qwen3-8b,frames,diversity_parallel,8,2,824,0.7127103191747578,0.3452250813106795,0.6308735533980586,main_table_clueweb_t8/qwen3-8b/frames/div_k8/run_2
qwen3-8b,frames,diversity_parallel,8,3,824,0.7128081395631067,0.3499877172330098,0.6280316140776699,main_table_clueweb_t8/qwen3-8b/frames/div_k8/run_3
qwen3-8b,frames,diversity_parallel,4,1,824,0.768253793689321,0.3252836881067963,0.6633214393203891,main_table_clueweb_t8/qwen3-8b/frames/diversity_parallel/run_1
qwen3-8b,frames,diversity_parallel,4,2,824,0.7614910643203883,0.3331348325242719,0.6670920133495145,main_table_clueweb_t8/qwen3-8b/frames/diversity_parallel/run_2
qwen3-8b,frames,diversity_parallel,4,3,824,0.7703528385922324,0.338771509708738,0.6679599648058251,main_table_clueweb_t8/qwen3-8b/frames/diversity_parallel/run_3
qwen3-8b,frames,diversity_parallel,4,4,824,0.7676887257281549,0.3277826917475728,0.6698156953883504,main_table_clueweb_t8/qwen3-8b/frames/diversity_parallel/run_4
qwen3-8b,frames,diversity_parallel,4,5,824,0.766295724514564,0.3309486322815531,0.6637368495145637,main_table_clueweb_t8/qwen3-8b/frames/diversity_parallel/run_5
qwen3-8b,frames,naive_parallel,8,1,824,0.1618616990291261,0.5574264963592236,0.2277633919902914,main_table_clueweb_t8/qwen3-8b/frames/naive_k8/run_1
qwen3-8b,frames,naive_parallel,8,2,824,0.16096197815534,0.5485348725728154,0.2233252378640778,main_table_clueweb_t8/qwen3-8b/frames/naive_k8/run_2
qwen3-8b,frames,naive_parallel,8,3,824,0.1608504211165048,0.5529071347087378,0.2246262839805828,main_table_clueweb_t8/qwen3-8b/frames/naive_k8/run_3
qwen3-8b,frames,naive_parallel,4,1,824,0.1642869866504854,0.541992792475729,0.2258663252427184,main_table_clueweb_t8/qwen3-8b/frames/naive_parallel/run_1
qwen3-8b,frames,naive_parallel,4,2,824,0.1618110922330096,0.5368535194174758,0.2234960400485437,main_table_clueweb_t8/qwen3-8b/frames/naive_parallel/run_2
qwen3-8b,frames,naive_parallel,4,3,824,0.1564580970873786,0.5446548507281558,0.2178004356796117,main_table_clueweb_t8/qwen3-8b/frames/naive_parallel/run_3
qwen3-8b,frames,naive_parallel,4,4,824,0.1581734053398057,0.5280414114077673,0.2233610279126212,main_table_clueweb_t8/qwen3-8b/frames/naive_parallel/run_4
qwen3-8b,frames,naive_parallel,4,5,824,0.1606422791262136,0.5361694696601946,0.2256097184466018,main_table_clueweb_t8/qwen3-8b/frames/naive_parallel/run_5
qwen3-8b,frames,sequential,1,1,824,0.0,0.0,0.0,main_table_clueweb_t8/qwen3-8b/frames/seq/run_1
qwen3-8b,frames,sequential,1,2,824,0.0,0.0,0.0,main_table_clueweb_t8/qwen3-8b/frames/seq/run_2
qwen3-8b,frames,sequential,1,3,824,0.0,0.0,0.0,main_table_clueweb_t8/qwen3-8b/frames/seq/run_3
qwen3-8b,frames,sequential,1,4,824,0.0,0.0,0.0,main_table_clueweb_t8/qwen3-8b/frames/seq/run_4
qwen3-8b,frames,sequential,1,5,824,0.0,0.0,0.0,main_table_clueweb_t8/qwen3-8b/frames/seq/run_5
qwen3-8b,frames,sequential,1,1,824,0.0,0.0,0.0,main_table_clueweb_t8/qwen3-8b/frames/sequential/run_1
qwen3-8b,frames,sequential,1,2,824,0.0,0.0,0.0,main_table_clueweb_t8/qwen3-8b/frames/sequential/run_2
qwen3-8b,frames,sequential,1,3,824,0.0,0.0,0.0,main_table_clueweb_t8/qwen3-8b/frames/sequential/run_3
qwen3-8b,frames,sequential,1,4,824,0.0,0.0,0.0,main_table_clueweb_t8/qwen3-8b/frames/sequential/run_4
qwen3-8b,frames,sequential,1,5,824,0.0,0.0,0.0,main_table_clueweb_t8/qwen3-8b/frames/sequential/run_5
qwen3-8b,hle,diversity_parallel,8,1,500,0.7877683400000005,0.3892940340000001,0.6269819220000006,main_table_clueweb_t8/qwen3-8b/hle/div_k8/run_1
qwen3-8b,hle,diversity_parallel,8,2,500,0.7847306940000001,0.3842207740000002,0.6210633540000009,main_table_clueweb_t8/qwen3-8b/hle/div_k8/run_2
qwen3-8b,hle,diversity_parallel,8,3,500,0.7849437759999996,0.3805090759999999,0.6257889519999993,main_table_clueweb_t8/qwen3-8b/hle/div_k8/run_3
qwen3-8b,hle,diversity_parallel,4,1,500,0.8278333700000002,0.368874512,0.6437274579999998,main_table_clueweb_t8/qwen3-8b/hle/diversity_parallel/run_1
qwen3-8b,hle,diversity_parallel,4,2,500,0.8298038180000006,0.3737480020000002,0.650183422,main_table_clueweb_t8/qwen3-8b/hle/diversity_parallel/run_2
qwen3-8b,hle,diversity_parallel,4,3,500,0.8256344379999996,0.3742392979999998,0.6440411619999996,main_table_clueweb_t8/qwen3-8b/hle/diversity_parallel/run_3
qwen3-8b,hle,diversity_parallel,4,4,500,0.8316906460000011,0.3651418880000001,0.6435835280000001,main_table_clueweb_t8/qwen3-8b/hle/diversity_parallel/run_4
qwen3-8b,hle,diversity_parallel,4,5,500,0.8281736500000006,0.3748514780000002,0.643797114,main_table_clueweb_t8/qwen3-8b/hle/diversity_parallel/run_5
qwen3-8b,hle,naive_parallel,8,1,500,0.2946958939999997,0.7323057580000002,0.3287676460000002,main_table_clueweb_t8/qwen3-8b/hle/naive_k8/run_1
qwen3-8b,hle,naive_parallel,8,2,500,0.292575318,0.7343745199999998,0.324886294,main_table_clueweb_t8/qwen3-8b/hle/naive_k8/run_2
qwen3-8b,hle,naive_parallel,8,3,500,0.2918912999999997,0.7298909440000002,0.3231556280000001,main_table_clueweb_t8/qwen3-8b/hle/naive_k8/run_3
qwen3-8b,hle,naive_parallel,4,1,500,0.288729144,0.721788624,0.3218468080000004,main_table_clueweb_t8/qwen3-8b/hle/naive_parallel/run_1
qwen3-8b,hle,naive_parallel,4,2,500,0.2986155799999997,0.7282053160000005,0.3277582659999999,main_table_clueweb_t8/qwen3-8b/hle/naive_parallel/run_2
qwen3-8b,hle,naive_parallel,4,3,500,0.2976372579999999,0.7115533879999998,0.3279999559999999,main_table_clueweb_t8/qwen3-8b/hle/naive_parallel/run_3
qwen3-8b,hle,naive_parallel,4,4,500,0.3005201719999997,0.7235917900000001,0.3307780060000001,main_table_clueweb_t8/qwen3-8b/hle/naive_parallel/run_4
qwen3-8b,hle,naive_parallel,4,5,500,0.2903654200000001,0.7245660120000001,0.3200750300000001,main_table_clueweb_t8/qwen3-8b/hle/naive_parallel/run_5
qwen3-8b,hle,sequential,1,1,500,0.0,0.0,0.0,main_table_clueweb_t8/qwen3-8b/hle/seq/run_1
qwen3-8b,hle,sequential,1,2,500,0.0,0.0,0.0,main_table_clueweb_t8/qwen3-8b/hle/seq/run_2
qwen3-8b,hle,sequential,1,3,500,0.0,0.0,0.0,main_table_clueweb_t8/qwen3-8b/hle/seq/run_3
qwen3-8b,hle,sequential,1,4,500,0.0,0.0,0.0,main_table_clueweb_t8/qwen3-8b/hle/seq/run_4
qwen3-8b,hle,sequential,1,5,500,0.0,0.0,0.0,main_table_clueweb_t8/qwen3-8b/hle/seq/run_5
qwen3-8b,hle,sequential,1,1,500,0.0,0.0,0.0,main_table_clueweb_t8/qwen3-8b/hle/sequential/run_1
qwen3-8b,hle,sequential,1,2,500,0.0,0.0,0.0,main_table_clueweb_t8/qwen3-8b/hle/sequential/run_2
qwen3-8b,hle,sequential,1,3,500,0.0,0.0,0.0,main_table_clueweb_t8/qwen3-8b/hle/sequential/run_3
qwen3-8b,hle,sequential,1,4,500,0.0,0.0,0.0,main_table_clueweb_t8/qwen3-8b/hle/sequential/run_4
qwen3-8b,hle,sequential,1,5,500,0.0,0.0,0.0,main_table_clueweb_t8/qwen3-8b/hle/sequential/run_5
qwen3-8b,hotpotqa,diversity_parallel,8,1,512,0.6988459453125,0.2541089140624999,0.6879455566406247,main_table_clueweb_t8/qwen3-8b/hotpotqa/div_k8/run_1
qwen3-8b,hotpotqa,diversity_parallel,8,2,512,0.6967066484374999,0.2514102617187499,0.6860598066406245,main_table_clueweb_t8/qwen3-8b/hotpotqa/div_k8/run_2
qwen3-8b,hotpotqa,diversity_parallel,8,3,512,0.7012802929687495,0.2478491035156249,0.6901708046874996,main_table_clueweb_t8/qwen3-8b/hotpotqa/div_k8/run_3
qwen3-8b,hotpotqa,diversity_parallel,4,1,512,0.161468478515625,0.038559349609375,0.15818553515625,main_table_clueweb_t8/qwen3-8b/hotpotqa/diversity_parallel/run_1
qwen3-8b,hotpotqa,diversity_parallel,4,2,512,0.7456512753906249,0.191413921875,0.7331068535156249,main_table_clueweb_t8/qwen3-8b/hotpotqa/diversity_parallel/run_2
qwen3-8b,hotpotqa,diversity_parallel,4,3,512,0.755244611328126,0.1912691718750001,0.7424076757812511,main_table_clueweb_t8/qwen3-8b/hotpotqa/diversity_parallel/run_3
qwen3-8b,hotpotqa,diversity_parallel,4,4,512,0.7504212890625004,0.2129686621093748,0.7393233437499999,main_table_clueweb_t8/qwen3-8b/hotpotqa/diversity_parallel/run_4
qwen3-8b,hotpotqa,diversity_parallel,4,5,512,0.7516348964843754,0.1905240039062499,0.7398946406250007,main_table_clueweb_t8/qwen3-8b/hotpotqa/diversity_parallel/run_5
qwen3-8b,hotpotqa,naive_parallel,8,1,512,0.108241275390625,0.2826124199218748,0.1164771171875,main_table_clueweb_t8/qwen3-8b/hotpotqa/naive_k8/run_1
qwen3-8b,hotpotqa,naive_parallel,8,2,512,0.10530224609375,0.2864271855468751,0.1139894667968751,main_table_clueweb_t8/qwen3-8b/hotpotqa/naive_k8/run_2
qwen3-8b,hotpotqa,naive_parallel,8,3,512,0.105219525390625,0.2785060156249999,0.114165765625,main_table_clueweb_t8/qwen3-8b/hotpotqa/naive_k8/run_3
qwen3-8b,hotpotqa,naive_parallel,4,1,512,0.0236119589843749,0.057990072265625,0.0257354824218749,main_table_clueweb_t8/qwen3-8b/hotpotqa/naive_parallel/run_1
qwen3-8b,hotpotqa,naive_parallel,4,2,512,0.107378845703125,0.2121334843749999,0.115883693359375,main_table_clueweb_t8/qwen3-8b/hotpotqa/naive_parallel/run_2
qwen3-8b,hotpotqa,naive_parallel,4,3,512,0.1025459140625,0.2145785917968749,0.11289362890625,main_table_clueweb_t8/qwen3-8b/hotpotqa/naive_parallel/run_3
qwen3-8b,hotpotqa,naive_parallel,4,4,512,0.096156986328125,0.2313045683593748,0.107881181640625,main_table_clueweb_t8/qwen3-8b/hotpotqa/naive_parallel/run_4
qwen3-8b,hotpotqa,naive_parallel,4,5,512,0.11411690625,0.2129424101562501,0.1239064375,main_table_clueweb_t8/qwen3-8b/hotpotqa/naive_parallel/run_5
qwen3-8b,hotpotqa,sequential,1,1,512,0.0,0.0,0.0,main_table_clueweb_t8/qwen3-8b/hotpotqa/seq/run_1
qwen3-8b,hotpotqa,sequential,1,2,512,0.0,0.0,0.0,main_table_clueweb_t8/qwen3-8b/hotpotqa/seq/run_2
qwen3-8b,hotpotqa,sequential,1,3,512,0.0,0.0,0.0,main_table_clueweb_t8/qwen3-8b/hotpotqa/seq/run_3
qwen3-8b,hotpotqa,sequential,1,1,512,0.0,0.0,0.0,main_table_clueweb_t8/qwen3-8b/hotpotqa/sequential/run_1
qwen3-8b,hotpotqa,sequential,1,2,512,0.0,0.0,0.0,main_table_clueweb_t8/qwen3-8b/hotpotqa/sequential/run_2
qwen3-8b,hotpotqa,sequential,1,3,512,0.0,0.0,0.0,main_table_clueweb_t8/qwen3-8b/hotpotqa/sequential/run_3
qwen3-8b,hotpotqa,sequential,1,4,512,0.0,0.0,0.0,main_table_clueweb_t8/qwen3-8b/hotpotqa/sequential/run_4
qwen3-8b,hotpotqa,sequential,1,5,512,0.0,0.0,0.0,main_table_clueweb_t8/qwen3-8b/hotpotqa/sequential/run_5
qwen3-8b,musique,diversity_parallel,8,1,512,0.6976627246093748,0.3276064003906249,0.6205732558593745,main_table_clueweb_t8/qwen3-8b/musique/div_k8/run_1
qwen3-8b,musique,diversity_parallel,8,2,512,0.7012773769531251,0.3283128242187498,0.6277158066406249,main_table_clueweb_t8/qwen3-8b/musique/div_k8/run_2
qwen3-8b,musique,diversity_parallel,8,3,512,0.7037211289062496,0.3198821523437495,0.6242966171875005,main_table_clueweb_t8/qwen3-8b/musique/div_k8/run_3
qwen3-8b,musique,diversity_parallel,4,1,512,0.162513802734375,0.07021508203125,0.1428859492187501,main_table_clueweb_t8/qwen3-8b/musique/diversity_parallel/run_1
qwen3-8b,musique,diversity_parallel,4,2,512,0.7543395058593749,0.3139212324218752,0.6653315566406252,main_table_clueweb_t8/qwen3-8b/musique/diversity_parallel/run_2
qwen3-8b,musique,diversity_parallel,4,3,512,0.7517987460937502,0.3179944062500002,0.6576017480468743,main_table_clueweb_t8/qwen3-8b/musique/diversity_parallel/run_3
qwen3-8b,musique,diversity_parallel,4,4,512,0.7513766269531248,0.30715204296875,0.6598907109375003,main_table_clueweb_t8/qwen3-8b/musique/diversity_parallel/run_4
qwen3-8b,musique,diversity_parallel,4,5,512,0.7524359667968749,0.3155006718749996,0.6638213183593742,main_table_clueweb_t8/qwen3-8b/musique/diversity_parallel/run_5
qwen3-8b,musique,naive_parallel,8,1,512,0.157747533203125,0.5161975624999996,0.229640923828125,main_table_clueweb_t8/qwen3-8b/musique/naive_k8/run_1
qwen3-8b,musique,naive_parallel,8,2,512,0.1623636171875001,0.5199511113281252,0.2284609140624999,main_table_clueweb_t8/qwen3-8b/musique/naive_k8/run_2
qwen3-8b,musique,naive_parallel,8,3,512,0.1539997773437498,0.5167835214843751,0.226785970703125,main_table_clueweb_t8/qwen3-8b/musique/naive_k8/run_3
qwen3-8b,musique,naive_parallel,4,1,512,0.03097183984375,0.1084096835937499,0.04670956640625,main_table_clueweb_t8/qwen3-8b/musique/naive_parallel/run_1
qwen3-8b,musique,naive_parallel,4,2,512,0.159579169921875,0.5123777265624995,0.2237569316406249,main_table_clueweb_t8/qwen3-8b/musique/naive_parallel/run_2
qwen3-8b,musique,naive_parallel,4,3,512,0.1535768671875,0.5017321796874997,0.2293289492187497,main_table_clueweb_t8/qwen3-8b/musique/naive_parallel/run_3
qwen3-8b,musique,naive_parallel,4,4,512,0.162226521484375,0.5103766035156251,0.2327869394531248,main_table_clueweb_t8/qwen3-8b/musique/naive_parallel/run_4
qwen3-8b,musique,naive_parallel,4,5,512,0.1585501328124999,0.5044883867187504,0.2256101718749998,main_table_clueweb_t8/qwen3-8b/musique/naive_parallel/run_5
qwen3-8b,musique,sequential,1,1,512,0.0,0.0,0.0,main_table_clueweb_t8/qwen3-8b/musique/seq/run_1
qwen3-8b,musique,sequential,1,2,512,0.0,0.0,0.0,main_table_clueweb_t8/qwen3-8b/musique/seq/run_2
qwen3-8b,musique,sequential,1,3,512,0.0,0.0,0.0,main_table_clueweb_t8/qwen3-8b/musique/seq/run_3
qwen3-8b,musique,sequential,1,4,512,0.0,0.0,0.0,main_table_clueweb_t8/qwen3-8b/musique/seq/run_4
qwen3-8b,musique,sequential,1,5,512,0.0,0.0,0.0,main_table_clueweb_t8/qwen3-8b/musique/seq/run_5
qwen3-8b,musique,sequential,1,1,512,0.0,0.0,0.0,main_table_clueweb_t8/qwen3-8b/musique/sequential/run_1
qwen3-8b,musique,sequential,1,2,512,0.0,0.0,0.0,main_table_clueweb_t8/qwen3-8b/musique/sequential/run_2
qwen3-8b,musique,sequential,1,3,512,0.0,0.0,0.0,main_table_clueweb_t8/qwen3-8b/musique/sequential/run_3
qwen3-8b,musique,sequential,1,4,512,0.0,0.0,0.0,main_table_clueweb_t8/qwen3-8b/musique/sequential/run_4
qwen3-8b,musique,sequential,1,5,512,0.0,0.0,0.0,main_table_clueweb_t8/qwen3-8b/musique/sequential/run_5
qwen3-8b,webwalker,diversity_parallel,4,1,680,0.8848797382352944,0.2377152882352938,0.7327717088235294,main_table_clueweb_t8/qwen3-8b/webwalker/div_k4/run_1
qwen3-8b,webwalker,diversity_parallel,4,2,680,0.8880659279411766,0.23151467205882345,0.7329129102941166,main_table_clueweb_t8/qwen3-8b/webwalker/div_k4/run_2
qwen3-8b,webwalker,diversity_parallel,4,3,680,0.8858936808823525,0.24139229411764707,0.741807222058823,main_table_clueweb_t8/qwen3-8b/webwalker/div_k4/run_3
qwen3-8b,webwalker,diversity_parallel,4,4,680,0.888207520588236,0.24232761617647064,0.7453240529411768,main_table_clueweb_t8/qwen3-8b/webwalker/div_k4/run_4
qwen3-8b,webwalker,diversity_parallel,4,1,680,0.0,0.0,0.0,main_table_clueweb_t8/qwen3-8b/webwalker/diversity_parallel/run_1
qwen3-8b,webwalker,diversity_parallel,4,2,680,0.0,0.0,0.0,main_table_clueweb_t8/qwen3-8b/webwalker/diversity_parallel/run_2
qwen3-8b,webwalker,diversity_parallel,4,3,680,0.0,0.0,0.0,main_table_clueweb_t8/qwen3-8b/webwalker/diversity_parallel/run_3
qwen3-8b,webwalker,diversity_parallel,4,4,680,0.0,0.0,0.0,main_table_clueweb_t8/qwen3-8b/webwalker/diversity_parallel/run_4
qwen3-8b,webwalker,diversity_parallel,4,5,680,0.0,0.0,0.0,main_table_clueweb_t8/qwen3-8b/webwalker/diversity_parallel/run_5
qwen3-8b,webwalker,naive_parallel,4,1,680,0.2293222338235293,0.7786728441176471,0.2777756573529414,main_table_clueweb_t8/qwen3-8b/webwalker/naive_k4/run_1
qwen3-8b,webwalker,naive_parallel,4,2,680,0.23285021176470563,0.7764115838235289,0.282061705882353,main_table_clueweb_t8/qwen3-8b/webwalker/naive_k4/run_2
qwen3-8b,webwalker,naive_parallel,4,3,680,0.23488482352941178,0.7807377382352946,0.27967740147058784,main_table_clueweb_t8/qwen3-8b/webwalker/naive_k4/run_3
qwen3-8b,webwalker,naive_parallel,4,4,680,0.2401613470588234,0.7530303220588234,0.29836423382352933,main_table_clueweb_t8/qwen3-8b/webwalker/naive_k4/run_4
qwen3-8b,webwalker,naive_parallel,4,5,680,0.24253130735294098,0.748359752941177,0.30019112499999967,main_table_clueweb_t8/qwen3-8b/webwalker/naive_k4/run_5
qwen3-8b,webwalker,naive_parallel,4,1,680,0.0,0.0,0.0,main_table_clueweb_t8/qwen3-8b/webwalker/naive_parallel/run_1
qwen3-8b,webwalker,naive_parallel,4,2,680,0.0,0.0,0.0,main_table_clueweb_t8/qwen3-8b/webwalker/naive_parallel/run_2
qwen3-8b,webwalker,naive_parallel,4,3,680,0.0,0.0,0.0,main_table_clueweb_t8/qwen3-8b/webwalker/naive_parallel/run_3
qwen3-8b,webwalker,naive_parallel,4,4,680,0.0,0.0,0.0,main_table_clueweb_t8/qwen3-8b/webwalker/naive_parallel/run_4
qwen3-8b,webwalker,naive_parallel,4,5,680,0.0,0.0,0.0,main_table_clueweb_t8/qwen3-8b/webwalker/naive_parallel/run_5
qwen3-8b,webwalker,sequential,1,1,680,0.0,0.0,0.0,main_table_clueweb_t8/qwen3-8b/webwalker/seq/run_1
qwen3-8b,webwalker,sequential,1,2,680,0.0,0.0,0.0,main_table_clueweb_t8/qwen3-8b/webwalker/seq/run_2
qwen3-8b,webwalker,sequential,1,3,680,0.0,0.0,0.0,main_table_clueweb_t8/qwen3-8b/webwalker/seq/run_3
qwen3-8b,webwalker,sequential,1,1,680,0.0,0.0,0.0,main_table_clueweb_t8/qwen3-8b/webwalker/sequential/run_1
qwen3-8b,webwalker,sequential,1,2,680,0.0,0.0,0.0,main_table_clueweb_t8/qwen3-8b/webwalker/sequential/run_2
qwen3-8b,webwalker,sequential,1,3,680,0.0,0.0,0.0,main_table_clueweb_t8/qwen3-8b/webwalker/sequential/run_3
qwen3-8b,webwalker,sequential,1,4,680,0.0,0.0,0.0,main_table_clueweb_t8/qwen3-8b/webwalker/sequential/run_4
qwen3-8b,webwalker,sequential,1,5,680,0.0,0.0,0.0,main_table_clueweb_t8/qwen3-8b/webwalker/sequential/run_5
gemma3-12b,browsecomp,diversity_parallel,4,1,250,0.9381324720000004,0.1407273719999999,0.8935931159999996,main_table_web_serper/gemma3-12b/browsecomp/div_k4/run_1
gemma3-12b,browsecomp,diversity_parallel,4,2,250,0.94289934,0.142274636,0.8955010560000001,main_table_web_serper/gemma3-12b/browsecomp/div_k4/run_2
gemma3-12b,browsecomp,diversity_parallel,4,3,250,0.9452359320000002,0.12465504,0.8923295599999994,main_table_web_serper/gemma3-12b/browsecomp/div_k4/run_3
gemma3-12b,browsecomp,diversity_parallel,8,1,250,0.90342884,0.1311901119999999,0.8721956679999994,main_table_web_serper/gemma3-12b/browsecomp/div_k8/run_1
gemma3-12b,browsecomp,diversity_parallel,8,2,250,0.9084583680000006,0.1379681240000001,0.8710204159999996,main_table_web_serper/gemma3-12b/browsecomp/div_k8/run_2
gemma3-12b,browsecomp,diversity_parallel,8,3,250,0.9054216839999994,0.141757404,0.8763904319999999,main_table_web_serper/gemma3-12b/browsecomp/div_k8/run_3
gemma3-12b,browsecomp,naive_parallel,4,1,250,0.7602661879999999,0.2084678479999999,0.7347464079999996,main_table_web_serper/gemma3-12b/browsecomp/naive_k4/run_1
gemma3-12b,browsecomp,naive_parallel,4,2,250,0.7803707720000006,0.207493012,0.7391602080000003,main_table_web_serper/gemma3-12b/browsecomp/naive_k4/run_2
gemma3-12b,browsecomp,naive_parallel,4,3,250,0.7761805000000002,0.2218858999999999,0.7320582320000002,main_table_web_serper/gemma3-12b/browsecomp/naive_k4/run_3
gemma3-12b,browsecomp,naive_parallel,8,1,250,0.7797631799999999,0.200907604,0.7478491679999998,main_table_web_serper/gemma3-12b/browsecomp/naive_k8/run_1
gemma3-12b,browsecomp,naive_parallel,8,2,250,0.7726957760000001,0.2052517760000001,0.7422875319999999,main_table_web_serper/gemma3-12b/browsecomp/naive_k8/run_2
gemma3-12b,browsecomp,naive_parallel,8,3,250,0.7781783760000001,0.2091262680000001,0.7442224559999998,main_table_web_serper/gemma3-12b/browsecomp/naive_k8/run_3
gemma3-12b,browsecomp,sequential,1,1,250,0.0,0.0,0.0,main_table_web_serper/gemma3-12b/browsecomp/seq/run_1
gemma3-12b,browsecomp,sequential,1,2,250,0.0,0.0,0.0,main_table_web_serper/gemma3-12b/browsecomp/seq/run_2
gemma3-12b,browsecomp,sequential,1,3,250,0.0,0.0,0.0,main_table_web_serper/gemma3-12b/browsecomp/seq/run_3
gemma3-12b,gaia,diversity_parallel,4,1,103,0.834646796116505,0.2115519417475728,0.749084504854369,main_table_web_serper/gemma3-12b/gaia/div_k4/run_1
gemma3-12b,gaia,diversity_parallel,4,2,103,0.8261848737864074,0.2293228446601941,0.7516388834951457,main_table_web_serper/gemma3-12b/gaia/div_k4/run_2
gemma3-12b,gaia,diversity_parallel,4,3,103,0.8269254077669905,0.2055700679611649,0.7508710970873789,main_table_web_serper/gemma3-12b/gaia/div_k4/run_3
gemma3-12b,gaia,diversity_parallel,8,1,103,0.7767929417475729,0.2456430970873787,0.720293932038835,main_table_web_serper/gemma3-12b/gaia/div_k8/run_1
gemma3-12b,gaia,diversity_parallel,8,2,103,0.7783274854368931,0.2345233689320388,0.7222940873786404,main_table_web_serper/gemma3-12b/gaia/div_k8/run_2
gemma3-12b,gaia,diversity_parallel,8,3,103,0.792589485436893,0.2352041941747572,0.728112563106796,main_table_web_serper/gemma3-12b/gaia/div_k8/run_3
gemma3-12b,gaia,naive_parallel,4,1,103,0.292303281553398,0.2193753300970874,0.4680911650485438,main_table_web_serper/gemma3-12b/gaia/naive_k4/run_1
gemma3-12b,gaia,naive_parallel,4,2,103,0.305348708737864,0.2266067281553399,0.469628572815534,main_table_web_serper/gemma3-12b/gaia/naive_k4/run_2
gemma3-12b,gaia,naive_parallel,4,3,103,0.274242572815534,0.2244142718446602,0.4490565242718449,main_table_web_serper/gemma3-12b/gaia/naive_k4/run_3
gemma3-12b,gaia,naive_parallel,8,1,103,0.3044860194174758,0.2286895631067962,0.477828203883495,main_table_web_serper/gemma3-12b/gaia/naive_k8/run_1
gemma3-12b,gaia,naive_parallel,8,2,103,0.3022550097087378,0.2244615145631068,0.4790447184466018,main_table_web_serper/gemma3-12b/gaia/naive_k8/run_2
gemma3-12b,gaia,naive_parallel,8,3,103,0.2868628252427184,0.2230488058252427,0.4501762718446603,main_table_web_serper/gemma3-12b/gaia/naive_k8/run_3
gemma3-12b,gaia,sequential,1,1,103,0.0,0.0,0.0,main_table_web_serper/gemma3-12b/gaia/seq/run_1
gemma3-12b,gaia,sequential,1,2,103,0.0,0.0,0.0,main_table_web_serper/gemma3-12b/gaia/seq/run_2
gemma3-12b,gaia,sequential,1,3,103,0.0,0.0,0.0,main_table_web_serper/gemma3-12b/gaia/seq/run_3
gemma3-12b,hle,diversity_parallel,4,1,250,0.9019496200000005,0.1987275279999998,0.7812780399999999,main_table_web_serper/gemma3-12b/hle/div_k4/run_1
gemma3-12b,hle,diversity_parallel,4,2,250,0.8973482759999988,0.2166286279999999,0.7836174480000002,main_table_web_serper/gemma3-12b/hle/div_k4/run_2
gemma3-12b,hle,diversity_parallel,4,3,250,0.9029011040000006,0.220882132,0.7889727480000002,main_table_web_serper/gemma3-12b/hle/div_k4/run_3
gemma3-12b,hle,diversity_parallel,8,1,250,0.8575041000000001,0.208862172,0.7653276559999997,main_table_web_serper/gemma3-12b/hle/div_k8/run_1
gemma3-12b,hle,diversity_parallel,8,2,250,0.8609115239999993,0.2149639320000001,0.7659001000000002,main_table_web_serper/gemma3-12b/hle/div_k8/run_2
gemma3-12b,hle,diversity_parallel,8,3,250,0.85801354,0.2083240839999999,0.7586171719999998,main_table_web_serper/gemma3-12b/hle/div_k8/run_3
gemma3-12b,hle,naive_parallel,4,1,250,0.5199471399999996,0.3138252999999999,0.5656384000000004,main_table_web_serper/gemma3-12b/hle/naive_k4/run_1
gemma3-12b,hle,naive_parallel,4,2,250,0.517161548,0.3037198079999999,0.573142284,main_table_web_serper/gemma3-12b/hle/naive_k4/run_2
gemma3-12b,hle,naive_parallel,4,3,250,0.513777884,0.315664112,0.5690842120000001,main_table_web_serper/gemma3-12b/hle/naive_k4/run_3
gemma3-12b,hle,naive_parallel,8,1,250,0.5320179560000002,0.3231547919999997,0.5818847560000001,main_table_web_serper/gemma3-12b/hle/naive_k8/run_1
gemma3-12b,hle,naive_parallel,8,2,250,0.518472208,0.3271832920000001,0.5741180280000003,main_table_web_serper/gemma3-12b/hle/naive_k8/run_2
gemma3-12b,hle,naive_parallel,8,3,250,0.5257534640000002,0.3277807239999999,0.5776423439999999,main_table_web_serper/gemma3-12b/hle/naive_k8/run_3
gemma3-12b,hle,sequential,1,1,250,0.0,0.0,0.0,main_table_web_serper/gemma3-12b/hle/seq/run_1
gemma3-12b,hle,sequential,1,2,250,0.0,0.0,0.0,main_table_web_serper/gemma3-12b/hle/seq/run_2
gemma3-12b,hle,sequential,1,3,250,0.0,0.0,0.0,main_table_web_serper/gemma3-12b/hle/seq/run_3
gemma3-12b,webwalker,diversity_parallel,4,1,250,0.8294707120000002,0.264322944,0.7413344760000001,main_table_web_serper/gemma3-12b/webwalker/div_k4/run_1
gemma3-12b,webwalker,diversity_parallel,4,2,250,0.8226311479999997,0.2778816719999998,0.72969498,main_table_web_serper/gemma3-12b/webwalker/div_k4/run_2
gemma3-12b,webwalker,diversity_parallel,4,3,250,0.829376132,0.2634437280000001,0.736748284,main_table_web_serper/gemma3-12b/webwalker/div_k4/run_3
gemma3-12b,webwalker,diversity_parallel,8,1,250,0.7806381440000008,0.2832562759999999,0.7035353960000003,main_table_web_serper/gemma3-12b/webwalker/div_k8/run_1
gemma3-12b,webwalker,diversity_parallel,8,2,250,0.7807492319999992,0.2876062199999998,0.7009590439999999,main_table_web_serper/gemma3-12b/webwalker/div_k8/run_2
gemma3-12b,webwalker,diversity_parallel,8,3,250,0.78275464,0.2766961080000001,0.7092692800000003,main_table_web_serper/gemma3-12b/webwalker/div_k8/run_3
gemma3-12b,webwalker,naive_parallel,4,1,250,0.3835467679999999,0.3748062440000001,0.4714999079999999,main_table_web_serper/gemma3-12b/webwalker/naive_k4/run_1
gemma3-12b,webwalker,naive_parallel,4,2,250,0.3742844079999999,0.3739532440000003,0.4652374080000001,main_table_web_serper/gemma3-12b/webwalker/naive_k4/run_2
gemma3-12b,webwalker,naive_parallel,4,3,250,0.3904296840000003,0.3727154239999997,0.4710524,main_table_web_serper/gemma3-12b/webwalker/naive_k4/run_3
gemma3-12b,webwalker,naive_parallel,8,1,250,0.3771910720000002,0.3700796759999998,0.4651284599999999,main_table_web_serper/gemma3-12b/webwalker/naive_k8/run_1
gemma3-12b,webwalker,naive_parallel,8,2,250,0.3789230680000003,0.3853389839999999,0.4682879,main_table_web_serper/gemma3-12b/webwalker/naive_k8/run_2
gemma3-12b,webwalker,naive_parallel,8,3,250,0.386241556,0.3738967040000001,0.4725945360000001,main_table_web_serper/gemma3-12b/webwalker/naive_k8/run_3
gemma3-12b,webwalker,sequential,1,1,250,0.0,0.0,0.0,main_table_web_serper/gemma3-12b/webwalker/seq/run_1
gemma3-12b,webwalker,sequential,1,2,250,0.0,0.0,0.0,main_table_web_serper/gemma3-12b/webwalker/seq/run_2
gemma3-12b,webwalker,sequential,1,3,250,0.0,0.0,0.0,main_table_web_serper/gemma3-12b/webwalker/seq/run_3
gpt-oss-20b,browsecomp,diversity_parallel,4,1,250,0.9540707599999996,0.004893724,0.9539259679999996,main_table_web_serper/gpt-oss-20b/browsecomp/div_k4/run_1
gpt-oss-20b,browsecomp,diversity_parallel,4,2,250,0.956496,0.009508256,0.956496,main_table_web_serper/gpt-oss-20b/browsecomp/div_k4/run_2
gpt-oss-20b,browsecomp,diversity_parallel,4,3,250,0.9549963919999996,0.003981756,0.9550447359999996,main_table_web_serper/gpt-oss-20b/browsecomp/div_k4/run_3
gpt-oss-20b,browsecomp,diversity_parallel,8,1,250,0.9130242679999998,0.015398324,0.912920852,main_table_web_serper/gpt-oss-20b/browsecomp/div_k8/run_1
gpt-oss-20b,browsecomp,diversity_parallel,8,2,250,0.9056862800000004,0.01480964,0.9056981120000004,main_table_web_serper/gpt-oss-20b/browsecomp/div_k8/run_2
gpt-oss-20b,browsecomp,diversity_parallel,8,3,250,0.9180325080000002,0.006663096,0.9180607800000004,main_table_web_serper/gpt-oss-20b/browsecomp/div_k8/run_3
gpt-oss-20b,browsecomp,naive_parallel,4,1,250,0.043761908,0.004,0.043761908,main_table_web_serper/gpt-oss-20b/browsecomp/naive_k4/run_1
gpt-oss-20b,browsecomp,naive_parallel,4,2,250,0.0395333359999999,0.005333332,0.0395333359999999,main_table_web_serper/gpt-oss-20b/browsecomp/naive_k4/run_2
gpt-oss-20b,browsecomp,naive_parallel,4,3,250,0.061333336,0.0005,0.061333336,main_table_web_serper/gpt-oss-20b/browsecomp/naive_k4/run_3
gpt-oss-20b,browsecomp,naive_parallel,8,1,250,0.2055777839999999,0.008,0.2055777839999999,main_table_web_serper/gpt-oss-20b/browsecomp/naive_k8/run_1
gpt-oss-20b,browsecomp,naive_parallel,8,2,250,0.22532382,0.006,0.22532382,main_table_web_serper/gpt-oss-20b/browsecomp/naive_k8/run_2
gpt-oss-20b,browsecomp,naive_parallel,8,3,250,0.2541598799999999,0.003333332,0.2541598799999999,main_table_web_serper/gpt-oss-20b/browsecomp/naive_k8/run_3
gpt-oss-20b,browsecomp,sequential,1,1,250,0.0,0.0,0.0,main_table_web_serper/gpt-oss-20b/browsecomp/seq/run_1
gpt-oss-20b,browsecomp,sequential,1,2,250,0.0,0.0,0.0,main_table_web_serper/gpt-oss-20b/browsecomp/seq/run_2
gpt-oss-20b,browsecomp,sequential,1,3,250,0.0,0.0,0.0,main_table_web_serper/gpt-oss-20b/browsecomp/seq/run_3
gpt-oss-20b,gaia,diversity_parallel,4,1,103,0.8263078932038833,0.0066458640776699,0.8263078932038833,main_table_web_serper/gpt-oss-20b/gaia/div_k4/run_1
gpt-oss-20b,gaia,diversity_parallel,4,2,103,0.8322305436893208,0.0068707961165048,0.8322305436893208,main_table_web_serper/gpt-oss-20b/gaia/div_k4/run_2
gpt-oss-20b,gaia,diversity_parallel,4,3,103,0.8298313398058252,0.0029873009708737,0.8298313398058252,main_table_web_serper/gpt-oss-20b/gaia/div_k4/run_3
gpt-oss-20b,gaia,diversity_parallel,8,1,103,0.7448126990291264,0.0189107572815534,0.744516087378641,main_table_web_serper/gpt-oss-20b/gaia/div_k8/run_1
gpt-oss-20b,gaia,diversity_parallel,8,2,103,0.7650841262135919,0.0165710097087378,0.7647013106796116,main_table_web_serper/gpt-oss-20b/gaia/div_k8/run_2
gpt-oss-20b,gaia,diversity_parallel,8,3,103,0.7739158543689323,0.0117191262135922,0.7739158543689323,main_table_web_serper/gpt-oss-20b/gaia/div_k8/run_3
gpt-oss-20b,gaia,naive_parallel,4,1,103,0.0037952330097087,0.0,0.0037952330097087,main_table_web_serper/gpt-oss-20b/gaia/naive_k4/run_1
gpt-oss-20b,gaia,naive_parallel,4,2,103,0.0,0.0,0.0,main_table_web_serper/gpt-oss-20b/gaia/naive_k4/run_2
gpt-oss-20b,gaia,naive_parallel,4,3,103,0.0012135922330097,0.0,0.0012135922330097,main_table_web_serper/gpt-oss-20b/gaia/naive_k4/run_3
gpt-oss-20b,gaia,naive_parallel,8,1,103,0.0163265339805825,0.0,0.0163265339805825,main_table_web_serper/gpt-oss-20b/gaia/naive_k8/run_1
gpt-oss-20b,gaia,naive_parallel,8,2,103,0.0088371553398058,0.0,0.0088371553398058,main_table_web_serper/gpt-oss-20b/gaia/naive_k8/run_2
gpt-oss-20b,gaia,naive_parallel,8,3,103,0.0090287961165048,0.0,0.0090287961165048,main_table_web_serper/gpt-oss-20b/gaia/naive_k8/run_3
gpt-oss-20b,gaia,sequential,1,1,103,0.0,0.0,0.0,main_table_web_serper/gpt-oss-20b/gaia/seq/run_1
gpt-oss-20b,gaia,sequential,1,2,103,0.0,0.0,0.0,main_table_web_serper/gpt-oss-20b/gaia/seq/run_2
gpt-oss-20b,gaia,sequential,1,3,103,0.0,0.0,0.0,main_table_web_serper/gpt-oss-20b/gaia/seq/run_3
gpt-oss-20b,hle,diversity_parallel,4,1,250,0.9098812200000008,0.003070996,0.9098812200000008,main_table_web_serper/gpt-oss-20b/hle/div_k4/run_1
gpt-oss-20b,hle,diversity_parallel,4,2,250,0.9117135600000004,0.001866668,0.9117135600000004,main_table_web_serper/gpt-oss-20b/hle/div_k4/run_2
gpt-oss-20b,hle,diversity_parallel,4,3,250,0.910132408,0.002787876,0.910132408,main_table_web_serper/gpt-oss-20b/hle/div_k4/run_3
gpt-oss-20b,hle,diversity_parallel,8,1,250,0.8780185160000002,0.0056555719999999,0.8779215040000001,main_table_web_serper/gpt-oss-20b/hle/div_k8/run_1
gpt-oss-20b,hle,diversity_parallel,8,2,250,0.8828418040000002,0.001536764,0.8828418040000002,main_table_web_serper/gpt-oss-20b/hle/div_k8/run_2
gpt-oss-20b,hle,diversity_parallel,8,3,250,0.8797179759999999,0.005687416,0.8796484880000001,main_table_web_serper/gpt-oss-20b/hle/div_k8/run_3
gpt-oss-20b,hle,naive_parallel,4,1,250,0.0025,0.0,0.0025,main_table_web_serper/gpt-oss-20b/hle/naive_k4/run_1
gpt-oss-20b,hle,naive_parallel,4,2,250,0.0,0.0,0.0,main_table_web_serper/gpt-oss-20b/hle/naive_k4/run_2
gpt-oss-20b,hle,naive_parallel,4,3,250,0.004103896,0.002,0.004103896,main_table_web_serper/gpt-oss-20b/hle/naive_k4/run_3
gpt-oss-20b,hle,naive_parallel,8,1,250,0.0,0.0,0.0,main_table_web_serper/gpt-oss-20b/hle/naive_k8/run_1
gpt-oss-20b,hle,naive_parallel,8,2,250,0.002153848,0.0,0.002153848,main_table_web_serper/gpt-oss-20b/hle/naive_k8/run_2
gpt-oss-20b,hle,naive_parallel,8,3,250,0.005784152,0.0,0.005784152,main_table_web_serper/gpt-oss-20b/hle/naive_k8/run_3
gpt-oss-20b,hle,sequential,1,1,250,0.0,0.0,0.0,main_table_web_serper/gpt-oss-20b/hle/seq/run_1
gpt-oss-20b,hle,sequential,1,2,250,0.0,0.0,0.0,main_table_web_serper/gpt-oss-20b/hle/seq/run_2
gpt-oss-20b,hle,sequential,1,3,250,0.0,0.0,0.0,main_table_web_serper/gpt-oss-20b/hle/seq/run_3
gpt-oss-20b,webwalker,diversity_parallel,4,1,250,0.8243152439999999,0.025394408,0.8241023879999999,main_table_web_serper/gpt-oss-20b/webwalker/div_k4/run_1
gpt-oss-20b,webwalker,diversity_parallel,4,2,250,0.8235399439999992,0.028385696,0.8229950759999992,main_table_web_serper/gpt-oss-20b/webwalker/div_k4/run_2
gpt-oss-20b,webwalker,diversity_parallel,4,3,250,0.8266917600000001,0.025364168,0.8252993520000002,main_table_web_serper/gpt-oss-20b/webwalker/div_k4/run_3
gpt-oss-20b,webwalker,diversity_parallel,8,1,250,0.783437896,0.0562209039999999,0.783015144,main_table_web_serper/gpt-oss-20b/webwalker/div_k8/run_1
gpt-oss-20b,webwalker,diversity_parallel,8,2,250,0.7856694200000002,0.053597848,0.7844782880000001,main_table_web_serper/gpt-oss-20b/webwalker/div_k8/run_2
gpt-oss-20b,webwalker,diversity_parallel,8,3,250,0.7738449400000006,0.04542558,0.7731822800000006,main_table_web_serper/gpt-oss-20b/webwalker/div_k8/run_3
gpt-oss-20b,webwalker,naive_parallel,4,1,250,0.025019096,0.001777776,0.025019096,main_table_web_serper/gpt-oss-20b/webwalker/naive_k4/run_1
gpt-oss-20b,webwalker,naive_parallel,4,2,250,0.01988616,0.006222224,0.01988616,main_table_web_serper/gpt-oss-20b/webwalker/naive_k4/run_2
gpt-oss-20b,webwalker,naive_parallel,4,3,250,0.022107144,0.003942856,0.022107144,main_table_web_serper/gpt-oss-20b/webwalker/naive_k4/run_3
gpt-oss-20b,webwalker,naive_parallel,8,1,250,0.0478036919999999,0.009420632,0.0478036919999999,main_table_web_serper/gpt-oss-20b/webwalker/naive_k8/run_1
gpt-oss-20b,webwalker,naive_parallel,8,2,250,0.03922288,0.004408668,0.03922288,main_table_web_serper/gpt-oss-20b/webwalker/naive_k8/run_2
gpt-oss-20b,webwalker,naive_parallel,8,3,250,0.041818928,0.004907536,0.041818928,main_table_web_serper/gpt-oss-20b/webwalker/naive_k8/run_3
gpt-oss-20b,webwalker,sequential,1,1,250,0.0,0.0,0.0,main_table_web_serper/gpt-oss-20b/webwalker/seq/run_1
gpt-oss-20b,webwalker,sequential,1,2,250,0.0,0.0,0.0,main_table_web_serper/gpt-oss-20b/webwalker/seq/run_2
gpt-oss-20b,webwalker,sequential,1,3,250,0.0,0.0,0.0,main_table_web_serper/gpt-oss-20b/webwalker/seq/run_3
qwen3-4b,browsecomp,diversity_parallel,4,1,250,0.7185843600000004,0.4458018600000002,0.6847056079999995,main_table_web_serper/qwen3-4b/browsecomp/div_k4/run_1
qwen3-4b,browsecomp,diversity_parallel,4,2,250,0.7364889000000001,0.4422401599999997,0.7052404760000002,main_table_web_serper/qwen3-4b/browsecomp/div_k4/run_2
qwen3-4b,browsecomp,diversity_parallel,4,3,250,0.7330326039999999,0.418449316,0.6876881679999997,main_table_web_serper/qwen3-4b/browsecomp/div_k4/run_3
qwen3-4b,browsecomp,diversity_parallel,8,1,250,0.811005484,0.4570835240000001,0.7876864879999999,main_table_web_serper/qwen3-4b/browsecomp/div_k8/run_1
qwen3-4b,browsecomp,diversity_parallel,8,2,250,0.8079315000000004,0.4384789959999999,0.7871252600000002,main_table_web_serper/qwen3-4b/browsecomp/div_k8/run_2
qwen3-4b,browsecomp,diversity_parallel,8,3,250,0.8076185000000003,0.4364239959999998,0.7874329840000004,main_table_web_serper/qwen3-4b/browsecomp/div_k8/run_3
qwen3-4b,browsecomp,naive_parallel,4,1,250,0.047333336,0.790557084,0.080229556,main_table_web_serper/qwen3-4b/browsecomp/naive_k4/run_1
qwen3-4b,browsecomp,naive_parallel,4,2,250,0.041333336,0.7888515759999999,0.08066554,main_table_web_serper/qwen3-4b/browsecomp/naive_k4/run_2
qwen3-4b,browsecomp,naive_parallel,4,3,250,0.036000008,0.7946414440000003,0.0720024119999999,main_table_web_serper/qwen3-4b/browsecomp/naive_k4/run_3
qwen3-4b,browsecomp,naive_parallel,8,1,250,0.04784762,0.797189316,0.0794892079999999,main_table_web_serper/qwen3-4b/browsecomp/naive_k8/run_1
qwen3-4b,browsecomp,naive_parallel,8,2,250,0.047209512,0.7984451999999999,0.0841208239999999,main_table_web_serper/qwen3-4b/browsecomp/naive_k8/run_2
qwen3-4b,browsecomp,naive_parallel,8,3,250,0.047904756,0.7984392999999999,0.081533264,main_table_web_serper/qwen3-4b/browsecomp/naive_k8/run_3
qwen3-4b,browsecomp,sequential,1,1,250,0.0,0.0,0.0,main_table_web_serper/qwen3-4b/browsecomp/seq/run_1
qwen3-4b,browsecomp,sequential,1,2,250,0.0,0.0,0.0,main_table_web_serper/qwen3-4b/browsecomp/seq/run_2
qwen3-4b,browsecomp,sequential,1,3,250,0.0,0.0,0.0,main_table_web_serper/qwen3-4b/browsecomp/seq/run_3
qwen3-4b,gaia,diversity_parallel,4,1,103,0.6700029320388349,0.3802004660194175,0.577915504854369,main_table_web_serper/qwen3-4b/gaia/div_k4/run_1
qwen3-4b,gaia,diversity_parallel,4,2,103,0.6714302621359223,0.3680812621359223,0.5721737281553398,main_table_web_serper/qwen3-4b/gaia/div_k4/run_2
qwen3-4b,gaia,diversity_parallel,4,3,103,0.6697173980582523,0.3550921844660194,0.5823984271844661,main_table_web_serper/qwen3-4b/gaia/div_k4/run_3
qwen3-4b,gaia,diversity_parallel,8,1,103,0.6099789320388349,0.3729413203883495,0.5432058446601943,main_table_web_serper/qwen3-4b/gaia/div_k8/run_1
qwen3-4b,gaia,diversity_parallel,8,2,103,0.6173709514563109,0.3815605631067961,0.5508354466019416,main_table_web_serper/qwen3-4b/gaia/div_k8/run_2
qwen3-4b,gaia,diversity_parallel,8,3,103,0.6044933980582525,0.3686330679611651,0.5414173689320386,main_table_web_serper/qwen3-4b/gaia/div_k8/run_3
qwen3-4b,gaia,naive_parallel,4,1,103,0.1639270873786408,0.5658156407766991,0.2925215825242719,main_table_web_serper/qwen3-4b/gaia/naive_k4/run_1
qwen3-4b,gaia,naive_parallel,4,2,103,0.1815908155339806,0.5520178834951458,0.2984871067961164,main_table_web_serper/qwen3-4b/gaia/naive_k4/run_2
qwen3-4b,gaia,naive_parallel,4,3,103,0.1568955825242718,0.563470291262136,0.2842935145631068,main_table_web_serper/qwen3-4b/gaia/naive_k4/run_3
qwen3-4b,gaia,naive_parallel,8,1,103,0.1729291650485436,0.5843841359223303,0.2957836796116504,main_table_web_serper/qwen3-4b/gaia/naive_k8/run_1
qwen3-4b,gaia,naive_parallel,8,2,103,0.1747236116504854,0.5662944757281554,0.3034842427184466,main_table_web_serper/qwen3-4b/gaia/naive_k8/run_2
qwen3-4b,gaia,naive_parallel,8,3,103,0.1669727475728155,0.5757126310679609,0.2920017378640777,main_table_web_serper/qwen3-4b/gaia/naive_k8/run_3
qwen3-4b,gaia,sequential,1,1,103,0.0,0.0,0.0,main_table_web_serper/qwen3-4b/gaia/seq/run_1
qwen3-4b,gaia,sequential,1,2,103,0.0,0.0,0.0,main_table_web_serper/qwen3-4b/gaia/seq/run_2
qwen3-4b,gaia,sequential,1,3,103,0.0,0.0,0.0,main_table_web_serper/qwen3-4b/gaia/seq/run_3
qwen3-4b,hle,diversity_parallel,4,1,250,0.7904757,0.2745597160000001,0.6353682200000002,main_table_web_serper/qwen3-4b/hle/div_k4/run_1
qwen3-4b,hle,diversity_parallel,4,2,250,0.7929136999999999,0.2606706680000001,0.6354719679999996,main_table_web_serper/qwen3-4b/hle/div_k4/run_2
qwen3-4b,hle,diversity_parallel,4,3,250,0.796425912,0.2698903840000001,0.6385532479999992,main_table_web_serper/qwen3-4b/hle/div_k4/run_3
qwen3-4b,hle,diversity_parallel,8,1,250,0.7403603840000003,0.2887337480000002,0.6098983680000003,main_table_web_serper/qwen3-4b/hle/div_k8/run_1
qwen3-4b,hle,diversity_parallel,8,2,250,0.7469647439999995,0.2766676800000001,0.6192843160000001,main_table_web_serper/qwen3-4b/hle/div_k8/run_2
qwen3-4b,hle,diversity_parallel,8,3,250,0.7439059760000004,0.2881420559999998,0.6101484359999998,main_table_web_serper/qwen3-4b/hle/div_k8/run_3
qwen3-4b,hle,naive_parallel,4,1,250,0.2797738959999999,0.5473827279999998,0.3832876079999999,main_table_web_serper/qwen3-4b/hle/naive_k4/run_1
qwen3-4b,hle,naive_parallel,4,2,250,0.268944216,0.5507218040000001,0.383288804,main_table_web_serper/qwen3-4b/hle/naive_k4/run_2
qwen3-4b,hle,naive_parallel,4,3,250,0.2698276,0.5398642560000001,0.3851724200000001,main_table_web_serper/qwen3-4b/hle/naive_k4/run_3
qwen3-4b,hle,naive_parallel,8,1,250,0.2675367280000001,0.556319232,0.3848079080000001,main_table_web_serper/qwen3-4b/hle/naive_k8/run_1
qwen3-4b,hle,naive_parallel,8,2,250,0.2734823719999999,0.5438138959999997,0.387762144,main_table_web_serper/qwen3-4b/hle/naive_k8/run_2
qwen3-4b,hle,naive_parallel,8,3,250,0.2724716480000001,0.5428222799999998,0.3904951480000004,main_table_web_serper/qwen3-4b/hle/naive_k8/run_3
qwen3-4b,hle,sequential,1,1,250,0.0,0.0,0.0,main_table_web_serper/qwen3-4b/hle/seq/run_1
qwen3-4b,hle,sequential,1,2,250,0.0,0.0,0.0,main_table_web_serper/qwen3-4b/hle/seq/run_2
qwen3-4b,hle,sequential,1,3,250,0.0,0.0,0.0,main_table_web_serper/qwen3-4b/hle/seq/run_3
qwen3-4b,webwalker,diversity_parallel,4,1,250,0.8531084759999998,0.233589572,0.7734466040000001,main_table_web_serper/qwen3-4b/webwalker/div_k4/run_1
qwen3-4b,webwalker,diversity_parallel,4,2,250,0.8507001599999999,0.2241801280000001,0.7730382,main_table_web_serper/qwen3-4b/webwalker/div_k4/run_2
qwen3-4b,webwalker,diversity_parallel,4,3,250,0.8527153080000004,0.224761576,0.7710966200000001,main_table_web_serper/qwen3-4b/webwalker/div_k4/run_3
qwen3-4b,webwalker,diversity_parallel,8,1,250,0.8258235000000003,0.228725172,0.7492417719999996,main_table_web_serper/qwen3-4b/webwalker/div_k8/run_1
qwen3-4b,webwalker,diversity_parallel,8,2,250,0.8311725360000002,0.2068223679999999,0.7521260519999996,main_table_web_serper/qwen3-4b/webwalker/div_k8/run_2
qwen3-4b,webwalker,diversity_parallel,8,3,250,0.8239821879999998,0.2272066319999999,0.741103248,main_table_web_serper/qwen3-4b/webwalker/div_k8/run_3
qwen3-4b,webwalker,naive_parallel,4,1,250,0.20096,0.5520371239999997,0.2635553400000001,main_table_web_serper/qwen3-4b/webwalker/naive_k4/run_1
qwen3-4b,webwalker,naive_parallel,4,2,250,0.2332422479999999,0.5550906360000001,0.2803366880000001,main_table_web_serper/qwen3-4b/webwalker/naive_k4/run_2
qwen3-4b,webwalker,naive_parallel,4,3,250,0.208010196,0.5648819079999998,0.256049724,main_table_web_serper/qwen3-4b/webwalker/naive_k4/run_3
qwen3-4b,webwalker,naive_parallel,8,1,250,0.2123819640000001,0.5975868560000005,0.27155602,main_table_web_serper/qwen3-4b/webwalker/naive_k8/run_1
qwen3-4b,webwalker,naive_parallel,8,2,250,0.226196436,0.5963362480000001,0.277593584,main_table_web_serper/qwen3-4b/webwalker/naive_k8/run_2
qwen3-4b,webwalker,naive_parallel,8,3,250,0.2235617640000001,0.590905396,0.2738139559999999,main_table_web_serper/qwen3-4b/webwalker/naive_k8/run_3
qwen3-4b,webwalker,sequential,1,1,250,0.0,0.0,0.0,main_table_web_serper/qwen3-4b/webwalker/seq/run_1
qwen3-4b,webwalker,sequential,1,2,250,0.0,0.0,0.0,main_table_web_serper/qwen3-4b/webwalker/seq/run_2
qwen3-4b,webwalker,sequential,1,3,250,0.0,0.0,0.0,main_table_web_serper/qwen3-4b/webwalker/seq/run_3
qwen3-8b,browsecomp,diversity_parallel,4,1,250,0.7794453240000004,0.3244899520000001,0.750160628,main_table_web_serper/qwen3-8b/browsecomp/div_k4/run_1
qwen3-8b,browsecomp,diversity_parallel,4,2,250,0.769032512,0.3388175399999998,0.7426968480000001,main_table_web_serper/qwen3-8b/browsecomp/div_k4/run_2
qwen3-8b,browsecomp,diversity_parallel,4,3,250,0.7773983920000002,0.334186048,0.7425340319999996,main_table_web_serper/qwen3-8b/browsecomp/div_k4/run_3
qwen3-8b,browsecomp,diversity_parallel,8,1,250,0.8066860880000001,0.3529693839999999,0.7858629520000004,main_table_web_serper/qwen3-8b/browsecomp/div_k8/run_1
qwen3-8b,browsecomp,diversity_parallel,8,2,250,0.8076197479999998,0.3589841480000001,0.7870106959999998,main_table_web_serper/qwen3-8b/browsecomp/div_k8/run_2
qwen3-8b,browsecomp,diversity_parallel,8,3,250,0.807002935999999,0.3443810999999998,0.7845274399999997,main_table_web_serper/qwen3-8b/browsecomp/div_k8/run_3
qwen3-8b,browsecomp,naive_parallel,4,1,250,0.080646016,0.066168408,0.078883872,main_table_web_serper/qwen3-8b/browsecomp/naive_k4/run_1
qwen3-8b,browsecomp,naive_parallel,4,2,250,0.0629223999999999,0.068490916,0.060445232,main_table_web_serper/qwen3-8b/browsecomp/naive_k4/run_2
qwen3-8b,browsecomp,naive_parallel,4,3,250,0.0661222039999999,0.0539102879999999,0.064448828,main_table_web_serper/qwen3-8b/browsecomp/naive_k4/run_3
qwen3-8b,browsecomp,naive_parallel,8,1,250,0.067264716,0.093733956,0.066435972,main_table_web_serper/qwen3-8b/browsecomp/naive_k8/run_1
qwen3-8b,browsecomp,naive_parallel,8,2,250,0.064204024,0.097996192,0.064320948,main_table_web_serper/qwen3-8b/browsecomp/naive_k8/run_2
qwen3-8b,browsecomp,naive_parallel,8,3,250,0.061264748,0.07723004,0.0593526959999999,main_table_web_serper/qwen3-8b/browsecomp/naive_k8/run_3
qwen3-8b,browsecomp,sequential,1,1,250,0.0,0.0,0.0,main_table_web_serper/qwen3-8b/browsecomp/seq/run_1
qwen3-8b,browsecomp,sequential,1,2,250,0.0,0.0,0.0,main_table_web_serper/qwen3-8b/browsecomp/seq/run_2
qwen3-8b,browsecomp,sequential,1,3,250,0.0,0.0,0.0,main_table_web_serper/qwen3-8b/browsecomp/seq/run_3
qwen3-8b,gaia,diversity_parallel,4,1,103,0.7512579126213592,0.3316717864077669,0.6844367281553401,main_table_web_serper/qwen3-8b/gaia/div_k4/run_1
qwen3-8b,gaia,diversity_parallel,4,2,103,0.7293423398058256,0.341153718446602,0.660880233009709,main_table_web_serper/qwen3-8b/gaia/div_k4/run_2
qwen3-8b,gaia,diversity_parallel,4,3,103,0.7416301747572813,0.3107274077669902,0.6663798252427181,main_table_web_serper/qwen3-8b/gaia/div_k4/run_3
qwen3-8b,gaia,diversity_parallel,8,1,103,0.6923498640776694,0.344991427184466,0.6298651456310679,main_table_web_serper/qwen3-8b/gaia/div_k8/run_1
qwen3-8b,gaia,diversity_parallel,8,2,103,0.7117783980582522,0.3414118349514564,0.6397802135922329,main_table_web_serper/qwen3-8b/gaia/div_k8/run_2
qwen3-8b,gaia,diversity_parallel,8,3,103,0.6982636990291263,0.3371125145631067,0.6393993300970874,main_table_web_serper/qwen3-8b/gaia/div_k8/run_3
qwen3-8b,gaia,naive_parallel,4,1,103,0.2244196990291262,0.4435663106796116,0.2712281844660195,main_table_web_serper/qwen3-8b/gaia/naive_k4/run_1
qwen3-8b,gaia,naive_parallel,4,2,103,0.2523385922330097,0.4428668349514563,0.2850762912621359,main_table_web_serper/qwen3-8b/gaia/naive_k4/run_2
qwen3-8b,gaia,naive_parallel,4,3,103,0.2051635339805825,0.458317436893204,0.268185854368932,main_table_web_serper/qwen3-8b/gaia/naive_k4/run_3
qwen3-8b,gaia,naive_parallel,8,1,103,0.2304704077669903,0.456389291262136,0.2745039805825243,main_table_web_serper/qwen3-8b/gaia/naive_k8/run_1
qwen3-8b,gaia,naive_parallel,8,2,103,0.2411877669902913,0.4576310873786408,0.2916203980582523,main_table_web_serper/qwen3-8b/gaia/naive_k8/run_2
qwen3-8b,gaia,naive_parallel,8,3,103,0.2331924660194174,0.4567815631067963,0.2724652233009709,main_table_web_serper/qwen3-8b/gaia/naive_k8/run_3
qwen3-8b,gaia,sequential,1,1,103,0.0,0.0,0.0,main_table_web_serper/qwen3-8b/gaia/seq/run_1
qwen3-8b,gaia,sequential,1,2,103,0.0,0.0,0.0,main_table_web_serper/qwen3-8b/gaia/seq/run_2
qwen3-8b,gaia,sequential,1,3,103,0.0,0.0,0.0,main_table_web_serper/qwen3-8b/gaia/seq/run_3
qwen3-8b,hle,diversity_parallel,4,1,250,0.8261908200000001,0.2978402559999998,0.6978215079999998,main_table_web_serper/qwen3-8b/hle/div_k4/run_1
qwen3-8b,hle,diversity_parallel,4,2,250,0.8208066000000002,0.288062816,0.6978174279999997,main_table_web_serper/qwen3-8b/hle/div_k4/run_2
qwen3-8b,hle,diversity_parallel,4,3,250,0.829523764,0.2926387319999999,0.6953606519999999,main_table_web_serper/qwen3-8b/hle/div_k4/run_3
qwen3-8b,hle,diversity_parallel,8,1,250,0.7802664880000004,0.312449808,0.6703353319999998,main_table_web_serper/qwen3-8b/hle/div_k8/run_1
qwen3-8b,hle,diversity_parallel,8,2,250,0.7780958040000002,0.3131989159999999,0.668137204,main_table_web_serper/qwen3-8b/hle/div_k8/run_2
qwen3-8b,hle,diversity_parallel,8,3,250,0.7765536679999997,0.3149886440000003,0.6711471000000002,main_table_web_serper/qwen3-8b/hle/div_k8/run_3
qwen3-8b,hle,naive_parallel,4,1,250,0.2999276240000001,0.5635040880000001,0.354434652,main_table_web_serper/qwen3-8b/hle/naive_k4/run_1
qwen3-8b,hle,naive_parallel,4,2,250,0.296485056,0.546278168,0.351532388,main_table_web_serper/qwen3-8b/hle/naive_k4/run_2
qwen3-8b,hle,naive_parallel,4,3,250,0.3073883160000001,0.5410257279999999,0.3579323320000001,main_table_web_serper/qwen3-8b/hle/naive_k4/run_3
qwen3-8b,hle,naive_parallel,8,1,250,0.310365264,0.5645196479999999,0.3580747599999999,main_table_web_serper/qwen3-8b/hle/naive_k8/run_1
qwen3-8b,hle,naive_parallel,8,2,250,0.311724604,0.561911976,0.36100988,main_table_web_serper/qwen3-8b/hle/naive_k8/run_2
qwen3-8b,hle,naive_parallel,8,3,250,0.3142193760000002,0.5740933039999997,0.3655577560000003,main_table_web_serper/qwen3-8b/hle/naive_k8/run_3
qwen3-8b,hle,sequential,1,1,250,0.0,0.0,0.0,main_table_web_serper/qwen3-8b/hle/seq/run_1
qwen3-8b,hle,sequential,1,2,250,0.0,0.0,0.0,main_table_web_serper/qwen3-8b/hle/seq/run_2
qwen3-8b,hle,sequential,1,3,250,0.0,0.0,0.0,main_table_web_serper/qwen3-8b/hle/seq/run_3
qwen3-8b,webwalker,diversity_parallel,4,1,250,0.8723538040000002,0.1804419080000001,0.8225712519999995,main_table_web_serper/qwen3-8b/webwalker/div_k4/run_1
qwen3-8b,webwalker,diversity_parallel,4,2,250,0.8718139160000001,0.2112080399999998,0.822045524,main_table_web_serper/qwen3-8b/webwalker/div_k4/run_2
qwen3-8b,webwalker,diversity_parallel,4,3,250,0.8690323000000002,0.186557352,0.8177668600000001,main_table_web_serper/qwen3-8b/webwalker/div_k4/run_3
qwen3-8b,webwalker,diversity_parallel,8,1,250,0.8496215039999999,0.1902157679999999,0.7996906199999994,main_table_web_serper/qwen3-8b/webwalker/div_k8/run_1
qwen3-8b,webwalker,diversity_parallel,8,2,250,0.84857796,0.1934440239999999,0.7954037679999996,main_table_web_serper/qwen3-8b/webwalker/div_k8/run_2
qwen3-8b,webwalker,diversity_parallel,8,3,250,0.8492229279999998,0.197333468,0.8026312079999998,main_table_web_serper/qwen3-8b/webwalker/div_k8/run_3
qwen3-8b,webwalker,naive_parallel,4,1,250,0.214415076,0.352237016,0.2354492119999999,main_table_web_serper/qwen3-8b/webwalker/naive_k4/run_1
qwen3-8b,webwalker,naive_parallel,4,2,250,0.220624288,0.3792137160000001,0.240566664,main_table_web_serper/qwen3-8b/webwalker/naive_k4/run_2
qwen3-8b,webwalker,naive_parallel,4,3,250,0.223655844,0.3930402199999999,0.2398356599999999,main_table_web_serper/qwen3-8b/webwalker/naive_k4/run_3
qwen3-8b,webwalker,naive_parallel,8,1,250,0.2286379240000001,0.4390155840000003,0.245918336,main_table_web_serper/qwen3-8b/webwalker/naive_k8/run_1
qwen3-8b,webwalker,naive_parallel,8,2,250,0.228145524,0.4154814799999999,0.2458217239999999,main_table_web_serper/qwen3-8b/webwalker/naive_k8/run_2
qwen3-8b,webwalker,naive_parallel,8,3,250,0.222802868,0.431067596,0.240384564,main_table_web_serper/qwen3-8b/webwalker/naive_k8/run_3
qwen3-8b,webwalker,sequential,1,1,250,0.0,0.0,0.0,main_table_web_serper/qwen3-8b/webwalker/seq/run_1
qwen3-8b,webwalker,sequential,1,2,250,0.0,0.0,0.0,main_table_web_serper/qwen3-8b/webwalker/seq/run_2
qwen3-8b,webwalker,sequential,1,3,250,0.0,0.0,0.0,main_table_web_serper/qwen3-8b/webwalker/seq/run_3
gemma3-12b,GAIA,diversity_parallel,2,1,103,0.8885197378640772,0.2729618834951455,0.6941071262135925,passk_ablation/gemma3-12b/GAIA/div_k2/run_1
gemma3-12b,GAIA,diversity_parallel,2,2,103,0.8718204368932039,0.3046151359223301,0.6965875436893203,passk_ablation/gemma3-12b/GAIA/div_k2/run_2
gemma3-12b,GAIA,diversity_parallel,2,3,103,0.879813495145631,0.2906163786407766,0.6986625728155338,passk_ablation/gemma3-12b/GAIA/div_k2/run_3
gemma3-12b,GAIA,naive_parallel,2,1,103,0.2459877572815534,0.3574654174757282,0.4555074271844658,passk_ablation/gemma3-12b/GAIA/naive_k2/run_1
gemma3-12b,GAIA,naive_parallel,2,2,103,0.2377304174757281,0.3605213592233007,0.4682139902912618,passk_ablation/gemma3-12b/GAIA/naive_k2/run_2
gemma3-12b,GAIA,naive_parallel,2,3,103,0.2348872427184466,0.360976213592233,0.4363228349514563,passk_ablation/gemma3-12b/GAIA/naive_k2/run_3
gemma3-12b,bamboogle,diversity_parallel,2,1,125,0.9746044,0.1697169999999999,0.8596264480000001,passk_ablation/gemma3-12b/bamboogle/div_k2/run_1
gemma3-12b,bamboogle,diversity_parallel,2,2,125,0.9643562080000002,0.1531289679999999,0.8313660399999998,passk_ablation/gemma3-12b/bamboogle/div_k2/run_2
gemma3-12b,bamboogle,diversity_parallel,2,3,125,0.9718254240000004,0.159858048,0.8391299119999999,passk_ablation/gemma3-12b/bamboogle/div_k2/run_3
gemma3-12b,bamboogle,naive_parallel,2,1,125,0.161929392,0.194257656,0.2417928719999999,passk_ablation/gemma3-12b/bamboogle/naive_k2/run_1
gemma3-12b,bamboogle,naive_parallel,2,2,125,0.175315864,0.203471448,0.2986389279999999,passk_ablation/gemma3-12b/bamboogle/naive_k2/run_2
gemma3-12b,bamboogle,naive_parallel,2,3,125,0.172316304,0.2066809039999999,0.299860016,passk_ablation/gemma3-12b/bamboogle/naive_k2/run_3
gemma3-12b,hotpotqa,diversity_parallel,2,1,512,0.92531179296875,0.000139509765625,0.92531179296875,passk_ablation/gemma3-12b/hotpotqa/div_k2/run_1
gemma3-12b,hotpotqa,diversity_parallel,2,2,512,0.9310991718749988,0.0,0.9310991718749988,passk_ablation/gemma3-12b/hotpotqa/div_k2/run_2
gemma3-12b,hotpotqa,diversity_parallel,2,3,512,0.9322490390625,0.0,0.9322490390625,passk_ablation/gemma3-12b/hotpotqa/div_k2/run_3
gemma3-12b,hotpotqa,naive_parallel,2,1,512,0.021111365234375,0.000139509765625,0.021111365234375,passk_ablation/gemma3-12b/hotpotqa/naive_k2/run_1
gemma3-12b,hotpotqa,naive_parallel,2,2,512,0.020969740234375,0.0,0.020969740234375,passk_ablation/gemma3-12b/hotpotqa/naive_k2/run_2
gemma3-12b,hotpotqa,naive_parallel,2,3,512,0.0397298183593749,0.0,0.0397298183593749,passk_ablation/gemma3-12b/hotpotqa/naive_k2/run_3
gemma3-4b,GAIA,diversity_parallel,2,1,103,0.912038980582524,0.4162516310679611,0.6879684271844656,passk_ablation/gemma3-4b/GAIA/div_k2/run_1
gemma3-4b,GAIA,diversity_parallel,2,2,103,0.9114107475728151,0.4041420485436893,0.732006427184466,passk_ablation/gemma3-4b/GAIA/div_k2/run_2
gemma3-4b,GAIA,diversity_parallel,2,3,103,0.916103524271844,0.3848987378640777,0.7134498834951454,passk_ablation/gemma3-4b/GAIA/div_k2/run_3
gemma3-4b,GAIA,naive_parallel,2,1,103,0.2261380970873786,0.6529741553398059,0.3785590485436893,passk_ablation/gemma3-4b/GAIA/naive_k2/run_1
gemma3-4b,GAIA,naive_parallel,2,2,103,0.2578187281553398,0.6352046796116503,0.3941968446601944,passk_ablation/gemma3-4b/GAIA/naive_k2/run_2
gemma3-4b,GAIA,naive_parallel,2,3,103,0.2535648932038834,0.6191456699029124,0.3960645631067961,passk_ablation/gemma3-4b/GAIA/naive_k2/run_3
gemma3-4b,bamboogle,diversity_parallel,2,1,125,0.979110456,0.2306606879999999,0.8523778799999999,passk_ablation/gemma3-4b/bamboogle/div_k2/run_1
gemma3-4b,bamboogle,diversity_parallel,2,2,125,0.9765020000000002,0.2422002639999999,0.87633432,passk_ablation/gemma3-4b/bamboogle/div_k2/run_2
gemma3-4b,bamboogle,diversity_parallel,2,3,125,0.9735080560000005,0.1950975359999999,0.8787119759999997,passk_ablation/gemma3-4b/bamboogle/div_k2/run_3
gemma3-4b,bamboogle,naive_parallel,2,1,125,0.146191096,0.31232084,0.2762851119999999,passk_ablation/gemma3-4b/bamboogle/naive_k2/run_1
gemma3-4b,bamboogle,naive_parallel,2,2,125,0.183406704,0.299804656,0.34901704,passk_ablation/gemma3-4b/bamboogle/naive_k2/run_2
gemma3-4b,bamboogle,naive_parallel,2,3,125,0.177671376,0.3117684480000001,0.3213663839999999,passk_ablation/gemma3-4b/bamboogle/naive_k2/run_3
gemma3-4b,hotpotqa,diversity_parallel,2,1,512,0.9630969023437496,0.000837052734375,0.9630969023437496,passk_ablation/gemma3-4b/hotpotqa/div_k2/run_1
gemma3-4b,hotpotqa,diversity_parallel,2,2,512,0.9607881191406245,0.00336371484375,0.9607881191406245,passk_ablation/gemma3-4b/hotpotqa/div_k2/run_2
gemma3-4b,hotpotqa,diversity_parallel,2,3,512,0.9582448085937496,0.005151755859375,0.9582448085937496,passk_ablation/gemma3-4b/hotpotqa/div_k2/run_3
gemma3-4b,hotpotqa,naive_parallel,2,1,512,0.0,0.0,0.0,passk_ablation/gemma3-4b/hotpotqa/naive_k2/run_1
gemma3-4b,hotpotqa,naive_parallel,2,2,512,0.0,0.0,0.0,passk_ablation/gemma3-4b/hotpotqa/naive_k2/run_2
gemma3-4b,hotpotqa,naive_parallel,2,3,512,0.0,0.001302083984375,0.0,passk_ablation/gemma3-4b/hotpotqa/naive_k2/run_3
qwen3-1.7b,GAIA,diversity_parallel,2,1,103,0.6243096310679612,0.5593648834951456,0.5827369902912622,passk_ablation/qwen3-1.7b/GAIA/div_k2/run_1
qwen3-1.7b,GAIA,diversity_parallel,2,2,103,0.6291292621359225,0.5689443592233008,0.5985186019417477,passk_ablation/qwen3-1.7b/GAIA/div_k2/run_2
qwen3-1.7b,GAIA,diversity_parallel,2,3,103,0.6367731359223301,0.5342952524271845,0.5729013980582524,passk_ablation/qwen3-1.7b/GAIA/div_k2/run_3
qwen3-1.7b,GAIA,naive_parallel,2,1,103,0.2582113883495145,0.6572513009708738,0.2602018252427184,passk_ablation/qwen3-1.7b/GAIA/naive_k2/run_1
qwen3-1.7b,GAIA,naive_parallel,2,2,103,0.2664929514563107,0.6644001844660197,0.2804213495145631,passk_ablation/qwen3-1.7b/GAIA/naive_k2/run_2
qwen3-1.7b,GAIA,naive_parallel,2,3,103,0.2687816310679611,0.6897062718446603,0.2715573689320387,passk_ablation/qwen3-1.7b/GAIA/naive_k2/run_3
qwen3-1.7b,bamboogle,diversity_parallel,2,1,125,0.6720922079999999,0.4020885599999997,0.5786695920000001,passk_ablation/qwen3-1.7b/bamboogle/div_k2/run_1
qwen3-1.7b,bamboogle,diversity_parallel,2,2,125,0.6801377039999998,0.4364123359999999,0.5864192319999999,passk_ablation/qwen3-1.7b/bamboogle/div_k2/run_2
qwen3-1.7b,bamboogle,diversity_parallel,2,3,125,0.6577519760000002,0.4319212240000001,0.5571739439999999,passk_ablation/qwen3-1.7b/bamboogle/div_k2/run_3
qwen3-1.7b,bamboogle,naive_parallel,2,1,125,0.214087208,0.6992939599999999,0.213537904,passk_ablation/qwen3-1.7b/bamboogle/naive_k2/run_1
qwen3-1.7b,bamboogle,naive_parallel,2,2,125,0.199303328,0.6932990640000001,0.207463928,passk_ablation/qwen3-1.7b/bamboogle/naive_k2/run_2
qwen3-1.7b,bamboogle,naive_parallel,2,3,125,0.193828424,0.6622055519999999,0.191237192,passk_ablation/qwen3-1.7b/bamboogle/naive_k2/run_3
qwen3-1.7b,hotpotqa,diversity_parallel,2,1,512,0.6816522285156256,0.289024236328125,0.6779758691406254,passk_ablation/qwen3-1.7b/hotpotqa/div_k2/run_1
qwen3-1.7b,hotpotqa,diversity_parallel,2,2,512,0.6806349394531261,0.2941187578124999,0.6750116777343761,passk_ablation/qwen3-1.7b/hotpotqa/div_k2/run_2
qwen3-1.7b,hotpotqa,diversity_parallel,2,3,512,0.6856220156250015,0.2923325332031249,0.678352957031251,passk_ablation/qwen3-1.7b/hotpotqa/div_k2/run_3
qwen3-1.7b,hotpotqa,naive_parallel,2,1,512,0.157440912109375,0.251063240234375,0.159157646484375,passk_ablation/qwen3-1.7b/hotpotqa/naive_k2/run_1
qwen3-1.7b,hotpotqa,naive_parallel,2,2,512,0.1466263652343749,0.20491672265625,0.1477689433593749,passk_ablation/qwen3-1.7b/hotpotqa/naive_k2/run_2
qwen3-1.7b,hotpotqa,naive_parallel,2,3,512,0.143460962890625,0.2255107265625,0.143294095703125,passk_ablation/qwen3-1.7b/hotpotqa/naive_k2/run_3
qwen3-4b,GAIA,diversity_parallel,2,1,103,0.7299256407766991,0.4968876990291262,0.6545198446601943,passk_ablation/qwen3-4b/GAIA/div_k2/run_1
qwen3-4b,GAIA,diversity_parallel,2,2,103,0.7251770679611651,0.5097270776699029,0.6589600776699029,passk_ablation/qwen3-4b/GAIA/div_k2/run_2
qwen3-4b,GAIA,diversity_parallel,2,3,103,0.7338079514563107,0.4560841165048543,0.6602591844660195,passk_ablation/qwen3-4b/GAIA/div_k2/run_3
qwen3-4b,GAIA,naive_parallel,2,1,103,0.1482126699029126,0.6444384466019416,0.1552777572815534,passk_ablation/qwen3-4b/GAIA/naive_k2/run_1
qwen3-4b,GAIA,naive_parallel,2,2,103,0.1669146504854369,0.6608992912621359,0.1678944174757282,passk_ablation/qwen3-4b/GAIA/naive_k2/run_2
qwen3-4b,GAIA,naive_parallel,2,3,103,0.1741105145631067,0.6680207766990289,0.1755781553398058,passk_ablation/qwen3-4b/GAIA/naive_k2/run_3
qwen3-4b,bamboogle,diversity_parallel,2,1,125,0.7460184320000001,0.1255055759999999,0.7305158320000001,passk_ablation/qwen3-4b/bamboogle/div_k2/run_1
qwen3-4b,bamboogle,diversity_parallel,2,2,125,0.7618176079999999,0.127430152,0.7590769439999999,passk_ablation/qwen3-4b/bamboogle/div_k2/run_2
qwen3-4b,bamboogle,diversity_parallel,2,3,125,0.7379621599999999,0.131702728,0.730133584,passk_ablation/qwen3-4b/bamboogle/div_k2/run_3
qwen3-4b,bamboogle,naive_parallel,2,1,125,0.0849360319999999,0.08899048,0.0849360319999999,passk_ablation/qwen3-4b/bamboogle/naive_k2/run_1
qwen3-4b,bamboogle,naive_parallel,2,2,125,0.1080706079999999,0.0914476239999999,0.1075857599999999,passk_ablation/qwen3-4b/bamboogle/naive_k2/run_2
qwen3-4b,bamboogle,naive_parallel,2,3,125,0.10110528,0.1118476239999999,0.10110528,passk_ablation/qwen3-4b/bamboogle/naive_k2/run_3
qwen3-4b,hotpotqa,diversity_parallel,2,1,512,0.743309468750001,0.045610298828125,0.743010890625001,passk_ablation/qwen3-4b/hotpotqa/div_k2/run_1
qwen3-4b,hotpotqa,diversity_parallel,2,2,512,0.7440809277343751,0.037046078125,0.743861201171875,passk_ablation/qwen3-4b/hotpotqa/div_k2/run_2
qwen3-4b,hotpotqa,diversity_parallel,2,3,512,0.7442656679687504,0.0363967109374999,0.7442280019531254,passk_ablation/qwen3-4b/hotpotqa/div_k2/run_3
qwen3-4b,hotpotqa,naive_parallel,2,1,512,0.08552744921875,0.0476804804687499,0.08515184765625,passk_ablation/qwen3-4b/hotpotqa/naive_k2/run_1
qwen3-4b,hotpotqa,naive_parallel,2,2,512,0.0903689472656249,0.0357809394531249,0.0903689472656249,passk_ablation/qwen3-4b/hotpotqa/naive_k2/run_2
qwen3-4b,hotpotqa,naive_parallel,2,3,512,0.071806990234375,0.0377268183593749,0.072923060546875,passk_ablation/qwen3-4b/hotpotqa/naive_k2/run_3
qwen3-8b,GAIA,diversity_parallel,2,1,103,0.8009396407766989,0.413011504854369,0.6331885436893204,passk_ablation/qwen3-8b/GAIA/div_k2/run_1
qwen3-8b,GAIA,diversity_parallel,2,2,103,0.8111761844660196,0.442329922330097,0.6164470097087378,passk_ablation/qwen3-8b/GAIA/div_k2/run_2
qwen3-8b,GAIA,diversity_parallel,2,3,103,0.8208466893203884,0.4635042038834951,0.6660451456310678,passk_ablation/qwen3-8b/GAIA/div_k2/run_3
qwen3-8b,GAIA,naive_parallel,2,1,103,0.1775363203883495,0.7132812815533982,0.2358456310679611,passk_ablation/qwen3-8b/GAIA/naive_k2/run_1
qwen3-8b,GAIA,naive_parallel,2,2,103,0.1641755048543689,0.7169184271844659,0.2394629126213592,passk_ablation/qwen3-8b/GAIA/naive_k2/run_2
qwen3-8b,GAIA,naive_parallel,2,3,103,0.1985007184466019,0.718574262135922,0.257171708737864,passk_ablation/qwen3-8b/GAIA/naive_k2/run_3
qwen3-8b,bamboogle,diversity_parallel,2,1,125,0.8245399279999998,0.2958440959999999,0.7362940079999997,passk_ablation/qwen3-8b/bamboogle/div_k2/run_1
qwen3-8b,bamboogle,diversity_parallel,2,2,125,0.8156429919999996,0.29260268,0.7314032319999998,passk_ablation/qwen3-8b/bamboogle/div_k2/run_2
qwen3-8b,bamboogle,diversity_parallel,2,3,125,0.810937392,0.265341856,0.7539253120000002,passk_ablation/qwen3-8b/bamboogle/div_k2/run_3
qwen3-8b,bamboogle,naive_parallel,2,1,125,0.1118949839999999,0.3929664480000001,0.13742196,passk_ablation/qwen3-8b/bamboogle/naive_k2/run_1
qwen3-8b,bamboogle,naive_parallel,2,2,125,0.064277344,0.39662964,0.1119158479999999,passk_ablation/qwen3-8b/bamboogle/naive_k2/run_2
qwen3-8b,bamboogle,naive_parallel,2,3,125,0.0987304479999999,0.3760356559999999,0.13266404,passk_ablation/qwen3-8b/bamboogle/naive_k2/run_3
qwen3-8b,hotpotqa,diversity_parallel,2,1,512,0.8150777812500012,0.1314885292968749,0.8059642148437509,passk_ablation/qwen3-8b/hotpotqa/div_k2/run_1
qwen3-8b,hotpotqa,diversity_parallel,2,2,512,0.8076336074218764,0.13784645703125,0.7985601757812515,passk_ablation/qwen3-8b/hotpotqa/div_k2/run_2
qwen3-8b,hotpotqa,diversity_parallel,2,3,512,0.8075745664062501,0.1298306894531249,0.7953286328125003,passk_ablation/qwen3-8b/hotpotqa/div_k2/run_3
qwen3-8b,hotpotqa,naive_parallel,2,1,512,0.0979272207031249,0.1657579999999999,0.104850265625,passk_ablation/qwen3-8b/hotpotqa/naive_k2/run_1
qwen3-8b,hotpotqa,naive_parallel,2,2,512,0.113244943359375,0.1456613320312499,0.123652501953125,passk_ablation/qwen3-8b/hotpotqa/naive_k2/run_2
qwen3-8b,hotpotqa,naive_parallel,2,3,512,0.0982170449218749,0.1775565371093749,0.1082183437499999,passk_ablation/qwen3-8b/hotpotqa/naive_k2/run_3
qwen3-1.7b,GAIA,diversity_parallel,4,1,103,0.5360250194174759,0.6101962038834954,0.5011386310679612,poolsize_ablation/qwen3-1.7b/GAIA/pool_16/run_1
qwen3-1.7b,GAIA,diversity_parallel,4,2,103,0.542024097087379,0.5833535436893205,0.5052587961165049,poolsize_ablation/qwen3-1.7b/GAIA/pool_16/run_2
qwen3-1.7b,GAIA,diversity_parallel,4,3,103,0.5245492427184467,0.6104424660194174,0.4946833300970872,poolsize_ablation/qwen3-1.7b/GAIA/pool_16/run_3
qwen3-1.7b,GAIA,diversity_parallel,4,1,103,0.5375738640776696,0.6660648446601943,0.5098790097087379,poolsize_ablation/qwen3-1.7b/GAIA/pool_32/run_1
qwen3-1.7b,GAIA,diversity_parallel,4,2,103,0.5359673203883497,0.6450987378640777,0.4954973009708738,poolsize_ablation/qwen3-1.7b/GAIA/pool_32/run_2
qwen3-1.7b,GAIA,diversity_parallel,4,3,103,0.545688213592233,0.6473357475728155,0.5154741553398058,poolsize_ablation/qwen3-1.7b/GAIA/pool_32/run_3
qwen3-1.7b,GAIA,diversity_parallel,4,1,103,0.5245070970873785,0.6627970194174757,0.5075111359223299,poolsize_ablation/qwen3-1.7b/GAIA/pool_4/run_1
qwen3-1.7b,GAIA,diversity_parallel,4,2,103,0.5411364077669906,0.6486422718446602,0.5237108349514564,poolsize_ablation/qwen3-1.7b/GAIA/pool_4/run_2
qwen3-1.7b,GAIA,diversity_parallel,4,3,103,0.5317988252427184,0.6405728737864077,0.5068747281553395,poolsize_ablation/qwen3-1.7b/GAIA/pool_4/run_3
qwen3-1.7b,GAIA,diversity_parallel,4,1,103,0.5669460388349513,0.5994067087378641,0.5418323495145627,poolsize_ablation/qwen3-1.7b/GAIA/pool_8/run_1
qwen3-1.7b,GAIA,diversity_parallel,4,2,103,0.5632767378640775,0.5990519417475728,0.5355535242718444,poolsize_ablation/qwen3-1.7b/GAIA/pool_8/run_2
qwen3-1.7b,GAIA,diversity_parallel,4,3,103,0.5649881553398058,0.6103573398058253,0.534670145631068,poolsize_ablation/qwen3-1.7b/GAIA/pool_8/run_3
qwen3-1.7b,hotpotqa,diversity_parallel,4,1,512,0.6142201738281249,0.4176805097656249,0.6066429570312496,poolsize_ablation/qwen3-1.7b/hotpotqa/pool_16/run_1
qwen3-1.7b,hotpotqa,diversity_parallel,4,2,512,0.6165575781250002,0.40288025,0.6072310234374998,poolsize_ablation/qwen3-1.7b/hotpotqa/pool_16/run_2
qwen3-1.7b,hotpotqa,diversity_parallel,4,3,512,0.6170054414062507,0.3996265859375,0.6116908710937505,poolsize_ablation/qwen3-1.7b/hotpotqa/pool_16/run_3
qwen3-1.7b,hotpotqa,diversity_parallel,4,1,512,0.6117243320312499,0.4061635410156249,0.6020150078125002,poolsize_ablation/qwen3-1.7b/hotpotqa/pool_32/run_1
qwen3-1.7b,hotpotqa,diversity_parallel,4,2,512,0.6078033554687502,0.42017378125,0.6017761542968754,poolsize_ablation/qwen3-1.7b/hotpotqa/pool_32/run_2
qwen3-1.7b,hotpotqa,diversity_parallel,4,3,512,0.6109187441406251,0.3987337089843751,0.6018679863281248,poolsize_ablation/qwen3-1.7b/hotpotqa/pool_32/run_3
qwen3-1.7b,hotpotqa,diversity_parallel,4,1,512,0.5896817148437498,0.4280432421875,0.58201614453125,poolsize_ablation/qwen3-1.7b/hotpotqa/pool_4/run_1
qwen3-1.7b,hotpotqa,diversity_parallel,4,2,512,0.5852875332031253,0.42189551953125,0.5790524355468749,poolsize_ablation/qwen3-1.7b/hotpotqa/pool_4/run_2
qwen3-1.7b,hotpotqa,diversity_parallel,4,3,512,0.5825918789062502,0.4202324589843748,0.5758538808593748,poolsize_ablation/qwen3-1.7b/hotpotqa/pool_4/run_3
qwen3-1.7b,hotpotqa,diversity_parallel,4,1,512,0.610304167968751,0.4211171113281249,0.6047346953125008,poolsize_ablation/qwen3-1.7b/hotpotqa/pool_8/run_1
qwen3-1.7b,hotpotqa,diversity_parallel,4,2,512,0.6168943769531249,0.395062556640625,0.6090301152343749,poolsize_ablation/qwen3-1.7b/hotpotqa/pool_8/run_2
qwen3-1.7b,hotpotqa,diversity_parallel,4,3,512,0.609144203125,0.3917641425781248,0.60149199609375,poolsize_ablation/qwen3-1.7b/hotpotqa/pool_8/run_3
qwen3-8b,GAIA,diversity_parallel,4,1,103,0.7473693495145629,0.4587534563106796,0.6060067864077668,poolsize_ablation/qwen3-8b/GAIA/pool_16/run_1
qwen3-8b,GAIA,diversity_parallel,4,2,103,0.7559798640776698,0.4218083495145628,0.6080439611650483,poolsize_ablation/qwen3-8b/GAIA/pool_16/run_2
qwen3-8b,GAIA,diversity_parallel,4,3,103,0.7506954466019419,0.4318976213592233,0.6039635631067959,poolsize_ablation/qwen3-8b/GAIA/pool_16/run_3
qwen3-8b,GAIA,diversity_parallel,4,1,103,0.7420796116504855,0.4252303786407766,0.5895906504854368,poolsize_ablation/qwen3-8b/GAIA/pool_32/run_1
qwen3-8b,GAIA,diversity_parallel,4,2,103,0.7456676893203884,0.4456457378640777,0.5861980970873786,poolsize_ablation/qwen3-8b/GAIA/pool_32/run_2
qwen3-8b,GAIA,diversity_parallel,4,3,103,0.7435388640776696,0.4281361941747574,0.6020817864077669,poolsize_ablation/qwen3-8b/GAIA/pool_32/run_3
qwen3-8b,GAIA,diversity_parallel,4,1,103,0.6339726116504854,0.5107813689320388,0.5353746116504856,poolsize_ablation/qwen3-8b/GAIA/pool_4/run_1
qwen3-8b,GAIA,diversity_parallel,4,2,103,0.6238275048543691,0.4933498932038836,0.5458897281553396,poolsize_ablation/qwen3-8b/GAIA/pool_4/run_2
qwen3-8b,GAIA,diversity_parallel,4,3,103,0.6263656213592231,0.492546213592233,0.5473351650485436,poolsize_ablation/qwen3-8b/GAIA/pool_4/run_3
qwen3-8b,GAIA,diversity_parallel,4,1,103,0.7141026310679611,0.4714707087378641,0.5239026213592235,poolsize_ablation/qwen3-8b/GAIA/pool_8/run_1
qwen3-8b,GAIA,diversity_parallel,4,2,103,0.7133702524271843,0.472351339805825,0.591430378640777,poolsize_ablation/qwen3-8b/GAIA/pool_8/run_2
qwen3-8b,GAIA,diversity_parallel,4,3,103,0.7091799514563105,0.4623820485436893,0.5920283203883495,poolsize_ablation/qwen3-8b/GAIA/pool_8/run_3
qwen3-8b,hotpotqa,diversity_parallel,4,1,512,0.7442460117187494,0.187914134765625,0.733304142578124,poolsize_ablation/qwen3-8b/hotpotqa/pool_16/run_1
qwen3-8b,hotpotqa,diversity_parallel,4,2,512,0.7484394042968743,0.192698638671875,0.7356648749999997,poolsize_ablation/qwen3-8b/hotpotqa/pool_16/run_2
qwen3-8b,hotpotqa,diversity_parallel,4,3,512,0.7502320019531253,0.257329296875,0.7214529902343753,poolsize_ablation/qwen3-8b/hotpotqa/pool_16/run_3
qwen3-8b,hotpotqa,diversity_parallel,4,1,512,0.7440341386718744,0.29749127734375,0.7051001953124999,poolsize_ablation/qwen3-8b/hotpotqa/pool_32/run_1
qwen3-8b,hotpotqa,diversity_parallel,4,2,512,0.7458966738281247,0.179162626953125,0.7352297187499994,poolsize_ablation/qwen3-8b/hotpotqa/pool_32/run_2
qwen3-8b,hotpotqa,diversity_parallel,4,3,512,0.7475274296874996,0.1988700839843749,0.7359447519531244,poolsize_ablation/qwen3-8b/hotpotqa/pool_32/run_3
qwen3-8b,hotpotqa,diversity_parallel,4,1,512,0.6539300234374996,0.2049393769531249,0.64669456640625,poolsize_ablation/qwen3-8b/hotpotqa/pool_4/run_1
qwen3-8b,hotpotqa,diversity_parallel,4,2,512,0.656394263671875,0.187659970703125,0.6491439023437505,poolsize_ablation/qwen3-8b/hotpotqa/pool_4/run_2
qwen3-8b,hotpotqa,diversity_parallel,4,3,512,0.6550554179687499,0.2583206484375002,0.6394095761718752,poolsize_ablation/qwen3-8b/hotpotqa/pool_4/run_3
qwen3-8b,hotpotqa,diversity_parallel,4,1,512,0.7152849316406257,0.1790943417968749,0.7046546875000003,poolsize_ablation/qwen3-8b/hotpotqa/pool_8/run_1
qwen3-8b,hotpotqa,diversity_parallel,4,2,512,0.7127700390625008,0.1962820410156248,0.7042755664062506,poolsize_ablation/qwen3-8b/hotpotqa/pool_8/run_2
qwen3-8b,hotpotqa,diversity_parallel,4,3,512,0.71888376953125,0.2157122363281249,0.7049338925781246,poolsize_ablation/qwen3-8b/hotpotqa/pool_8/run_3
qwen3-1.7b,GAIA,diversity_parallel,4,1,103,0.5290849611650488,0.5769281165048543,0.4924346699029127,oversample_ablation/qwen3-1.7b/GAIA/os_1/run_1
qwen3-1.7b,GAIA,diversity_parallel,4,2,103,0.544786631067961,0.6261598834951455,0.5070673300970874,oversample_ablation/qwen3-1.7b/GAIA/os_1/run_2
qwen3-1.7b,GAIA,diversity_parallel,4,3,103,0.5453207961165049,0.6185494854368933,0.5165299223300969,oversample_ablation/qwen3-1.7b/GAIA/os_1/run_3
qwen3-1.7b,GAIA,diversity_parallel,4,1,103,0.5339648834951455,0.3931072524271844,0.5508269611650486,oversample_ablation/qwen3-1.7b/GAIA/os_2/run_1
qwen3-1.7b,GAIA,diversity_parallel,4,2,103,0.5520408446601943,0.3645903203883497,0.56966286407767,oversample_ablation/qwen3-1.7b/GAIA/os_2/run_2
qwen3-1.7b,GAIA,diversity_parallel,4,3,103,0.5360883689320389,0.3738870776699028,0.559191631067961,oversample_ablation/qwen3-1.7b/GAIA/os_2/run_3
qwen3-1.7b,GAIA,diversity_parallel,4,1,103,0.5519030291262137,0.3565995825242717,0.5616319611650484,oversample_ablation/qwen3-1.7b/GAIA/os_3/run_1
qwen3-1.7b,GAIA,diversity_parallel,4,2,103,0.5360912038834951,0.3593871941747573,0.5654370582524273,oversample_ablation/qwen3-1.7b/GAIA/os_3/run_2
qwen3-1.7b,GAIA,diversity_parallel,4,3,103,0.5375893495145634,0.3587992330097088,0.5571626019417476,oversample_ablation/qwen3-1.7b/GAIA/os_3/run_3
qwen3-1.7b,GAIA,diversity_parallel,4,1,103,0.5481004271844662,0.3818416213592234,0.5605900485436893,oversample_ablation/qwen3-1.7b/GAIA/os_4/run_1
qwen3-1.7b,GAIA,diversity_parallel,4,2,103,0.5505786699029126,0.3670831941747571,0.5662473300970873,oversample_ablation/qwen3-1.7b/GAIA/os_4/run_2
qwen3-1.7b,GAIA,diversity_parallel,4,3,103,0.5415370873786408,0.3444091844660195,0.5594098446601942,oversample_ablation/qwen3-1.7b/GAIA/os_4/run_3
qwen3-1.7b,GAIA,diversity_parallel,4,1,103,0.5430106699029126,0.3658821747572816,0.5596910485436892,oversample_ablation/qwen3-1.7b/GAIA/os_5/run_1
qwen3-1.7b,GAIA,diversity_parallel,4,2,103,0.5604039514563108,0.3454947864077669,0.581764067961165,oversample_ablation/qwen3-1.7b/GAIA/os_5/run_2
qwen3-1.7b,GAIA,diversity_parallel,4,3,103,0.5448700970873787,0.3512323300970874,0.5643342038834953,oversample_ablation/qwen3-1.7b/GAIA/os_5/run_3
qwen3-1.7b,GAIA,diversity_parallel,4,1,103,0.5299004466019419,0.3505157184466018,0.5507562912621362,oversample_ablation/qwen3-1.7b/GAIA/os_6/run_1
qwen3-1.7b,GAIA,diversity_parallel,4,2,103,0.5340420194174755,0.3448302135922332,0.5568127669902914,oversample_ablation/qwen3-1.7b/GAIA/os_6/run_2
qwen3-1.7b,GAIA,diversity_parallel,4,3,103,0.563811873786408,0.354758291262136,0.5745350679611652,oversample_ablation/qwen3-1.7b/GAIA/os_6/run_3
qwen3-1.7b,GAIA,diversity_parallel,4,1,103,0.5288224368932042,0.3483201650485436,0.5540914951456309,oversample_ablation/qwen3-1.7b/GAIA/os_7/run_1
qwen3-1.7b,GAIA,diversity_parallel,4,2,103,0.5639482427184466,0.3272957378640777,0.583287281553398,oversample_ablation/qwen3-1.7b/GAIA/os_7/run_2
qwen3-1.7b,GAIA,diversity_parallel,4,3,103,0.541941,0.3585891844660195,0.564626291262136,oversample_ablation/qwen3-1.7b/GAIA/os_7/run_3
qwen3-1.7b,GAIA,diversity_parallel,4,1,103,0.5440023883495144,0.3378021941747572,0.5619412038834952,oversample_ablation/qwen3-1.7b/GAIA/os_8/run_1
qwen3-1.7b,GAIA,diversity_parallel,4,2,103,0.5431309611650487,0.3589454660194175,0.5614615922330098,oversample_ablation/qwen3-1.7b/GAIA/os_8/run_2
qwen3-1.7b,GAIA,diversity_parallel,4,3,103,0.5435636796116504,0.3617521747572814,0.5569277184466019,oversample_ablation/qwen3-1.7b/GAIA/os_8/run_3
qwen3-1.7b,hotpotqa,diversity_parallel,4,1,512,0.6173424785156246,0.4099599804687499,0.6087844648437497,oversample_ablation/qwen3-1.7b/hotpotqa/os_1/run_1
qwen3-1.7b,hotpotqa,diversity_parallel,4,2,512,0.61436823828125,0.4180568496093748,0.6067539570312497,oversample_ablation/qwen3-1.7b/hotpotqa/os_1/run_2
qwen3-1.7b,hotpotqa,diversity_parallel,4,3,512,0.6156494199218748,0.4023381035156252,0.607833037109375,oversample_ablation/qwen3-1.7b/hotpotqa/os_1/run_3
qwen3-1.7b,hotpotqa,diversity_parallel,4,1,512,0.6183361835937496,0.2098863300781251,0.6186642363281251,oversample_ablation/qwen3-1.7b/hotpotqa/os_2/run_1
qwen3-1.7b,hotpotqa,diversity_parallel,4,2,512,0.6146320664062498,0.204747509765625,0.6151191093750001,oversample_ablation/qwen3-1.7b/hotpotqa/os_2/run_2
qwen3-1.7b,hotpotqa,diversity_parallel,4,3,512,0.6081522050781247,0.2067547773437501,0.6083956542968745,oversample_ablation/qwen3-1.7b/hotpotqa/os_2/run_3
qwen3-1.7b,hotpotqa,diversity_parallel,4,1,512,0.6204832343749997,0.199390037109375,0.6221817832031244,oversample_ablation/qwen3-1.7b/hotpotqa/os_3/run_1
qwen3-1.7b,hotpotqa,diversity_parallel,4,2,512,0.6178231425781251,0.18031998046875,0.6200300507812498,oversample_ablation/qwen3-1.7b/hotpotqa/os_3/run_2
qwen3-1.7b,hotpotqa,diversity_parallel,4,3,512,0.615726169921875,0.18731781640625,0.61721916796875,oversample_ablation/qwen3-1.7b/hotpotqa/os_3/run_3
qwen3-1.7b,hotpotqa,diversity_parallel,4,1,512,0.6116101699218756,0.1748578359374999,0.6157131250000001,oversample_ablation/qwen3-1.7b/hotpotqa/os_4/run_1
qwen3-1.7b,hotpotqa,diversity_parallel,4,2,512,0.6194587285156252,0.1960492519531249,0.6229064082031253,oversample_ablation/qwen3-1.7b/hotpotqa/os_4/run_2
qwen3-1.7b,hotpotqa,diversity_parallel,4,3,512,0.6135883515624996,0.1848168710937499,0.6162401562499994,oversample_ablation/qwen3-1.7b/hotpotqa/os_4/run_3
qwen3-1.7b,hotpotqa,diversity_parallel,4,1,512,0.6165439785156245,0.1845002871093748,0.6182632167968752,oversample_ablation/qwen3-1.7b/hotpotqa/os_5/run_1
qwen3-1.7b,hotpotqa,diversity_parallel,4,2,512,0.6125295039062498,0.1813566992187498,0.6148571328125,oversample_ablation/qwen3-1.7b/hotpotqa/os_5/run_2
qwen3-1.7b,hotpotqa,diversity_parallel,4,3,512,0.6183430761718745,0.1809641835937499,0.6204805097656252,oversample_ablation/qwen3-1.7b/hotpotqa/os_5/run_3
qwen3-1.7b,hotpotqa,diversity_parallel,4,1,512,0.6189580898437497,0.188139458984375,0.6218869160156254,oversample_ablation/qwen3-1.7b/hotpotqa/os_6/run_1
qwen3-1.7b,hotpotqa,diversity_parallel,4,2,512,0.6175101132812497,0.185151669921875,0.6218383632812495,oversample_ablation/qwen3-1.7b/hotpotqa/os_6/run_2
qwen3-1.7b,hotpotqa,diversity_parallel,4,3,512,0.6115203847656241,0.1828733203125001,0.6161831777343744,oversample_ablation/qwen3-1.7b/hotpotqa/os_6/run_3
qwen3-1.7b,hotpotqa,diversity_parallel,4,1,512,0.6128652148437501,0.1862082890624998,0.6163201874999996,oversample_ablation/qwen3-1.7b/hotpotqa/os_7/run_1
qwen3-1.7b,hotpotqa,diversity_parallel,4,2,512,0.6203170820312496,0.1881585078125,0.6220760878906251,oversample_ablation/qwen3-1.7b/hotpotqa/os_7/run_2
qwen3-1.7b,hotpotqa,diversity_parallel,4,3,512,0.6171369941406244,0.1858965488281249,0.6214291445312495,oversample_ablation/qwen3-1.7b/hotpotqa/os_7/run_3
qwen3-1.7b,hotpotqa,diversity_parallel,4,1,512,0.6170139453124998,0.1697257265625001,0.621651806640625,oversample_ablation/qwen3-1.7b/hotpotqa/os_8/run_1
qwen3-1.7b,hotpotqa,diversity_parallel,4,2,512,0.6130582675781255,0.184129677734375,0.6166227656250005,oversample_ablation/qwen3-1.7b/hotpotqa/os_8/run_2
qwen3-1.7b,hotpotqa,diversity_parallel,4,3,512,0.6198429902343753,0.1801928359374999,0.6225017343749999,oversample_ablation/qwen3-1.7b/hotpotqa/os_8/run_3
qwen3-8b,GAIA,diversity_parallel,4,1,103,0.7432626601941748,0.4216720291262134,0.5820157766990288,oversample_ablation/qwen3-8b/GAIA/os_1/run_1
qwen3-8b,GAIA,diversity_parallel,4,2,103,0.7531630873786408,0.4367141844660195,0.5948094757281553,oversample_ablation/qwen3-8b/GAIA/os_1/run_2
qwen3-8b,GAIA,diversity_parallel,4,3,103,0.7538538543689322,0.4319783300970877,0.614175485436893,oversample_ablation/qwen3-8b/GAIA/os_1/run_3
qwen3-8b,GAIA,diversity_parallel,4,1,103,0.743966650485437,0.3051712330097087,0.6538599126213593,oversample_ablation/qwen3-8b/GAIA/os_2/run_1
qwen3-8b,GAIA,diversity_parallel,4,2,103,0.7556423786407767,0.3134101747572816,0.6599816019417476,oversample_ablation/qwen3-8b/GAIA/os_2/run_2
qwen3-8b,GAIA,diversity_parallel,4,3,103,0.7446412038834949,0.3014367184466021,0.6497711165048544,oversample_ablation/qwen3-8b/GAIA/os_2/run_3
qwen3-8b,GAIA,diversity_parallel,4,1,103,0.7560672233009706,0.2579055242718447,0.7052966699029127,oversample_ablation/qwen3-8b/GAIA/os_3/run_1
qwen3-8b,GAIA,diversity_parallel,4,2,103,0.7440599126213596,0.2804430000000001,0.6966060970873786,oversample_ablation/qwen3-8b/GAIA/os_3/run_2
qwen3-8b,GAIA,diversity_parallel,4,3,103,0.7548034174757279,0.2685035145631067,0.7046356601941749,oversample_ablation/qwen3-8b/GAIA/os_3/run_3
qwen3-8b,GAIA,diversity_parallel,4,1,103,0.7534789708737863,0.2520011262135921,0.7302460776699029,oversample_ablation/qwen3-8b/GAIA/os_4/run_1
qwen3-8b,GAIA,diversity_parallel,4,2,103,0.7536519708737867,0.2492582524271845,0.7337623009708732,oversample_ablation/qwen3-8b/GAIA/os_4/run_2
qwen3-8b,GAIA,diversity_parallel,4,3,103,0.7610982815533988,0.2404223883495145,0.7314103980582528,oversample_ablation/qwen3-8b/GAIA/os_4/run_3
qwen3-8b,GAIA,diversity_parallel,4,1,103,0.7582984271844663,0.2357506990291261,0.7465376407766989,oversample_ablation/qwen3-8b/GAIA/os_5/run_1
qwen3-8b,GAIA,diversity_parallel,4,2,103,0.7568620291262136,0.2385338737864077,0.7449558252427182,oversample_ablation/qwen3-8b/GAIA/os_5/run_2
qwen3-8b,GAIA,diversity_parallel,4,3,103,0.7543400582524272,0.2404407961165048,0.7483726019417478,oversample_ablation/qwen3-8b/GAIA/os_5/run_3
qwen3-8b,GAIA,diversity_parallel,4,1,103,0.749143699029126,0.2312899029126212,0.7431471650485438,oversample_ablation/qwen3-8b/GAIA/os_6/run_1
qwen3-8b,GAIA,diversity_parallel,4,2,103,0.758641572815534,0.2307426796116505,0.7605458155339808,oversample_ablation/qwen3-8b/GAIA/os_6/run_2
qwen3-8b,GAIA,diversity_parallel,4,3,103,0.7401995339805826,0.2397643883495145,0.7423377378640772,oversample_ablation/qwen3-8b/GAIA/os_6/run_3
qwen3-8b,GAIA,diversity_parallel,4,1,103,0.7511284466019423,0.2258657184466019,0.7538564951456312,oversample_ablation/qwen3-8b/GAIA/os_7/run_1
qwen3-8b,GAIA,diversity_parallel,4,2,103,0.7468986213592232,0.2391363786407767,0.7445199902912619,oversample_ablation/qwen3-8b/GAIA/os_7/run_2
qwen3-8b,GAIA,diversity_parallel,4,3,103,0.7721480679611652,0.2269191262135923,0.757125970873786,oversample_ablation/qwen3-8b/GAIA/os_7/run_3
qwen3-8b,GAIA,diversity_parallel,4,1,103,0.7643379999999999,0.2272848155339807,0.7589770776699026,oversample_ablation/qwen3-8b/GAIA/os_8/run_1
qwen3-8b,GAIA,diversity_parallel,4,2,103,0.7529052135922328,0.230516640776699,0.7496837572815531,oversample_ablation/qwen3-8b/GAIA/os_8/run_2
qwen3-8b,GAIA,diversity_parallel,4,3,103,0.7448083398058247,0.2323086213592232,0.7436695922330097,oversample_ablation/qwen3-8b/GAIA/os_8/run_3
qwen3-8b,hotpotqa,diversity_parallel,4,1,512,0.7493746289062503,0.187109787109375,0.7356734472656256,oversample_ablation/qwen3-8b/hotpotqa/os_1/run_1
qwen3-8b,hotpotqa,diversity_parallel,4,2,512,0.7517015410156251,0.1848617265625,0.7391694414062506,oversample_ablation/qwen3-8b/hotpotqa/os_1/run_2
qwen3-8b,hotpotqa,diversity_parallel,4,3,512,0.7478361582031249,0.183347369140625,0.7354485585937497,oversample_ablation/qwen3-8b/hotpotqa/os_1/run_3
qwen3-8b,hotpotqa,diversity_parallel,4,1,512,0.7493517929687494,0.106969216796875,0.7468118593749994,oversample_ablation/qwen3-8b/hotpotqa/os_2/run_1
qwen3-8b,hotpotqa,diversity_parallel,4,2,512,0.7508961484374991,0.1058271054687499,0.7491428007812492,oversample_ablation/qwen3-8b/hotpotqa/os_2/run_2
qwen3-8b,hotpotqa,diversity_parallel,4,3,512,0.747841859375,0.10214693359375,0.7463698828124997,oversample_ablation/qwen3-8b/hotpotqa/os_2/run_3
qwen3-8b,hotpotqa,diversity_parallel,4,1,512,0.7539762285156244,0.1037771874999999,0.7515898691406243,oversample_ablation/qwen3-8b/hotpotqa/os_3/run_1
qwen3-8b,hotpotqa,diversity_parallel,4,2,512,0.7411477050781247,0.0993915566406249,0.7401941386718751,oversample_ablation/qwen3-8b/hotpotqa/os_3/run_2
qwen3-8b,hotpotqa,diversity_parallel,4,3,512,0.7516911015624995,0.100929240234375,0.7507259472656247,oversample_ablation/qwen3-8b/hotpotqa/os_3/run_3
qwen3-8b,hotpotqa,diversity_parallel,4,1,512,0.7495000273437502,0.0987688359375,0.7488572656249999,oversample_ablation/qwen3-8b/hotpotqa/os_4/run_1
qwen3-8b,hotpotqa,diversity_parallel,4,2,512,0.7460386484374992,0.1033677578125,0.7449278613281247,oversample_ablation/qwen3-8b/hotpotqa/os_4/run_2
qwen3-8b,hotpotqa,diversity_parallel,4,3,512,0.7488522324218746,0.095575716796875,0.7454787167968748,oversample_ablation/qwen3-8b/hotpotqa/os_4/run_3
qwen3-8b,hotpotqa,diversity_parallel,4,1,512,0.7566734335937498,0.10205825390625,0.7549917910156245,oversample_ablation/qwen3-8b/hotpotqa/os_5/run_1
qwen3-8b,hotpotqa,diversity_parallel,4,2,512,0.7440016718750003,0.1029317519531249,0.743012537109375,oversample_ablation/qwen3-8b/hotpotqa/os_5/run_2
qwen3-8b,hotpotqa,diversity_parallel,4,3,512,0.7493255214843738,0.091049328125,0.7472911582031241,oversample_ablation/qwen3-8b/hotpotqa/os_5/run_3
qwen3-8b,hotpotqa,diversity_parallel,4,1,512,0.7487490292968756,0.093478392578125,0.74651876953125,oversample_ablation/qwen3-8b/hotpotqa/os_6/run_1
qwen3-8b,hotpotqa,diversity_parallel,4,2,512,0.7489215859375002,0.1023683046875,0.7468680839843752,oversample_ablation/qwen3-8b/hotpotqa/os_6/run_2
qwen3-8b,hotpotqa,diversity_parallel,4,3,512,0.7527560664062496,0.0967150332031249,0.7504484296874997,oversample_ablation/qwen3-8b/hotpotqa/os_6/run_3
qwen3-8b,hotpotqa,diversity_parallel,4,1,512,0.7495661503906257,0.10447425390625,0.7465851640625006,oversample_ablation/qwen3-8b/hotpotqa/os_7/run_1
qwen3-8b,hotpotqa,diversity_parallel,4,2,512,0.7497542617187498,0.1038867128906249,0.7495256816406255,oversample_ablation/qwen3-8b/hotpotqa/os_7/run_2
qwen3-8b,hotpotqa,diversity_parallel,4,3,512,0.7482986855468753,0.10446745703125,0.7470833984375004,oversample_ablation/qwen3-8b/hotpotqa/os_7/run_3
qwen3-8b,hotpotqa,diversity_parallel,4,1,512,0.7503349882812502,0.099045482421875,0.7500356660156252,oversample_ablation/qwen3-8b/hotpotqa/os_8/run_1
qwen3-8b,hotpotqa,diversity_parallel,4,2,512,0.7453388769531242,0.09177751953125,0.7441931796874992,oversample_ablation/qwen3-8b/hotpotqa/os_8/run_2
qwen3-8b,hotpotqa,diversity_parallel,4,3,512,0.7552162558593747,0.1057229453125,0.7549153281249992,oversample_ablation/qwen3-8b/hotpotqa/os_8/run_3
